MUNICIPI;LOCALS EN QUE SE CELEBRA LA VOTACIÓ;DIRECCIÓ
ABELLA DE LA CONCA;EDIFICI MUNICIPAL;CARRER ESPIGUET, S/N
AGER;AJUNTAMENT D'AGER;PLAÇA MAJOR, 1
AGRAMUNT;COL·LEGI PUBLIC MACIA COMPANYS;AV D'AGUSTI ROS, 3
AITONA;SALA ANNEXA AL POLIESPORTIU;CARRER JOAN XXIII, 30
AITONA;LLAR DELS JUBILATS;CARRER JOAN XXIII, 30
ALAMUS (ELS);VESTIBUL DEL CASAL SOCIAL, PORTA PRINCIPAL;PLAÇA SANT MARTI, 1
ALAS I CERC;AJUNTAMENT D'ALAS I CERC;CARRER MAJOR, 10 -ALAS-
ALBAGES (L');AJUNTAMENT;CARRER SANTIAGO ROSSINYOL, 9
ALBATARREC;CASAL CULTURAL;CARRER DOCTOR ROBERT, 51
ALBESA;COL·LEGI ALBER;CARRER FERMI PALAU, S/N
ALBI (L');AJUNTAMENT PLANTA BAIXA;CARRER ABEURADOR, 1
ALCANO;SALA D'ACTES DE L'AJUNTAMENT;CARRER MAJOR, 13
ALCARRAS;CENTRE CULTURAL MUNICIPAL;CARRER MAJOR, 84
ALCOLETGE;VESTIBUL DE LA CASA DE LA VILA;CARRER SITJAR, 2
ALCOLETGE;SALA D'EXPOSICIONS, CASA DE LA VILA;CARRER NOU, 1
ALFARRAS;SALA DE PLENS DE L'AJUNTAMENT;AV DE CATALUNYA, 16
ALFES;CASA CONSISTORIAL;PLAÇA LA BASSA, 10
ALGERRI;COL·LEGI SANT BLAI;CTRA BALAGUER, S/N
ALGUAIRE;CAMERA AGRARIA;CARRER PATI, 10
ALGUAIRE;CASA SOCIO CULTURAL;PLAÇA PERETO, 1
ALINS;SALO D'ALINS - EDIFICI AJUNTAMENT;PLAÇA AJUNTAMENT, S/N
ALMACELLES;CASAL MUNICIPAL;CARRER MAJOR, 36
ALMACELLES;COL·LEGI PUBLIC;PLAÇA ENSENYANÇA, 4
ALMATRET;SALA PLANTA BAIXA AJUNTAMENT;CARRER MAJOR, 2
ALMENAR;ESCOLA D'ALMENAR;CARRER ESCOLES, 1
ALOS DE BALAGUER;CASAL SOCIAL;PLAÇA MAJOR, S/N
ALPICAT;SALA LA UNIO;CARRER LLEIDA, 22
ALT ANEU;SALA D'ACTES DE L'AJUNTAMENT D'ALT ANEU;AVGDA DEL PORT DE LA BONAIGUA, 9 -VALENCIA D'ANEU-
ANGLESOLA;EDIFICI DEL COL·LEGI PUBLIC;AV CATALUNYA, 28
ARBECA;LOCAL SOCIAL;PLAÇA UNIO REPUBLICANA, S/N
ARRES;AJUNTAMENT DE ARRES-EDIFICI ESCOLES;CARRER MAJOR, S/N -ARRES DE JOS-
ARSEGUEL;LOCAL SOCIAL;CARRER DOCTOR LLANGORT, 1
ARTESA DE LLEIDA;COL·LEGI PUBLIC 'ELS TIL·LERS';CARRER DE SANT RAMON, 12
ARTESA DE SEGRE;CENTRE D'ENTITATS LES MONGES;PLAÇA DE LA NACIO CATALANA, 2
ASPA;SALA DE L'AJUNTAMENT;PLAÇA DE LA VILA, 8
AVELLANES I SANTA LINYA (LES);SALA D'ACTES DE L'AJUNTAMENT;CARRER BAIXADA ESGLESIA, 3 -LES AVELLANES-
BAIX PALLARS;AJUNTAMENT - BAIXOS;CARRER SANT SEBASTIA, 1 -GERRI DE LA SAL-
BALAGUER;AJUNTAMENT;PLAÇA MERCADAL, 1
BALAGUER;ESCOLES LA NOGUERA;CTRA DE CASTELLO, S/N
BALAGUER;EDIFICI LA PALLA VA CARA;CARRER PINTOR FBORRAS, 21
BALAGUER;CENTRE OBERT LA NOGUERA;CARRER MONTERO, S/N
BALAGUER;GUARDERIA PATUFET;CARRER JACINT VERDAGUER, S/N
BALAGUER;EDIFICI IES CIUTAT DE BALAGUER;CARRER URGELL, 94
BALAGUER;HOSPITAL COMTE JAUME D'URGELL;AV PERE III, 1
BALAGUER;COL·LEGI GERMANES CARMELITES;CARRER PARE SANAHUJA, S/N
BALAGUER;COL·LEGI PARES ESCOLAPIS;CARRER BARCELONA, S/N
BARBENS;BAIXOS AJUNTAMENT;PLAÇA L'ESGLESIA, 3
BARONIA DE RIALB (LA);AJUNTAMENT;CARRER MONESTIR, 1 -GUALTER-
BASSELLA;AJUNTAMENT;CAL AJUNTAMENT, S/N
BAUSEN;CASA ESCOLA DE BAUSEN;CARRER SANT ANTONI, 7
BELIANES;AJUNTAMENT DE BELIANES;AJUNTAMENT, S/N
BELL-LLOC D'URGELL;EDIFICI COSTERETA;PLAÇA CATALUNYA, 1
BELL-LLOC D'URGELL;EDIFICI SALA CULTURAL;CARRER LA MINA, 12
BELLAGUARDA;EDIFICI AJUNTAMENT;PLAÇA ESCOLES, 10
BELLCAIRE D'URGELL;COL·LEGI PUBLIC BONAVISTA;CARRER BONAVISTA, 26
BELLMUNT D'URGELL;CASA CONSISTORIAL;CARRER MAJOR, 18
BELLPUIG;CASAL D'ENTITATS CASA CARME SERRA;PLAÇA SANT ROC, 23
BELLVER DE CERDANYA;EDIFICI DEL CENTRE CIVIC;CARRER ESCOLES, 6
BELLVIS;AJUNTAMENT;PLAÇA CATALUNYA, S/N
BELLVIS;AJUNTAMENT;CARRER DOMENEC CARDENAL, 48
BENAVENT DE SEGRIA;AJUNTAMENT;PLAÇA AJUNTAMENT, 1
BIOSCA;ESCOLA PUBLICA SANTS ABDON I SENEN;CARRER CAMINOU, S/N
BORDES (ES);LOCAL DEL COL·LEGI PUBLIC D'ES BORDES;CARRER DERA LACA, 23
BORGES BLANQUES (LES);PAVELLO DE L'OLI;CARRER INDUSTRIA, 9
BOSSOST;COL·LEGI D'EDUCACIO INFANTIL;CARRER MARGALIDA, S/N
BOVERA;AJUNTAMENT-PLANTA BAIXA (SALA JUBILATS);CARRER MAJOR, 20
CABANABONA;AJUNTAMENT-BAIXOS;CARRER VILALTA, 7
CABO;CASA CONSISTORIAL;CARRER ESGLESIA, S/N
CAMARASA;CASA DE LA VILA;PLAÇA MAJOR, 1
CANEJAN;CASA CONSISTORIAL;PLAÇA DERA CRASTA, 5
CASTELL DE MUR;CASA CONSISTORIAL - GUARDIA DE TREMP;CARRER CARME, 46 -GUARDIA DE NOGUERA-
CASTELLAR DE LA RIBERA;AJUNTAMENT;CASA AJUNTAMENT, S/N
CASTELLDANS;AJUNTAMENT - (VESTIBUL);PG MORAGUES, 21
CASTELLNOU DE SEANA;ESCOLA PUBLICA L'ESTEL;CARRER CALVARI, 1
CASTELLO DE FARFANYA;COL·LEGI PUBLIC STAMARIA;PLAÇA SANT ANTONI, 1
CASTELLSERA;AJUNTAMENT (LLAR DEL JUBILAT);AV CATALUNYA, 4
CAVA;ANTIGUES ESCOLES MUNICIPALS D'ANSOVELL;PLAÇA ESGLESIA, S/N -ANSOVELL-
CERVERA;BAIXOS AJUNTAMENT;PLAÇA MAJOR, 1
CERVERA;ESCOLES JAUME BALMES;PLAÇA PIUS XII, 1
CERVERA;ESCOLES MOSSEN JOSEP ARQUES;AV MIL·LENARI DE CATALUNYA, 22
CERVERA;ANTIGA CASERNA DE LA GUARDIA CIVIL;CARRER DUC D'AHUMADA, 2
CERVERA;INSTITUT DE FORMACIO PROFESSIONAL;AV FRANCESC MACIA, 15
CERVIA DE LES GARRIGUES;CASA CONSISTORIAL 'SALA POLIVALENT';CARRER PALAU, 1
CIUTADILLA;AJUNTAMENT;PLAÇA MAJOR, 1
CLARIANA DE CARDENER;LOCAL DE JOVENTUT;EDIF AJUNTAMENT, S/N
COGUL (EL);AJUNTAMENT;CARRER PLAÇA LA VILA, 4
COLL DE NARGO;SALA D'ACTES;PLAÇA L'AJUNTAMENT, 1
COMA I LA PEDRA (LA);CASA CONSISTORIAL;PLAÇA AJUNTAMENT, 1 -LA COMA-
CONCA DE DALT;OFICINES MUNICIPALS AJUNTAMENT;CARRER UNIC, S/N -EL PONT DE CLAVEROL-
CORBINS;AJUNTAMENT (SALA D'ACTES);PLAÇA DE LA VILA, S/N
CUBELLS;COL·LEGI PUBLIC 'SOL NAIXENT';CARRER CARRETERA NOVA, S/N
ESPLUGA CALBA (L');AJUNTAMENT - PLANTA BAIXA;AV PAU CASALS, 15
ESPOT;AJUNTAMENT - SALA D'ACTES;CARRER CARRETERA, S/N
ESTAMARIU;AJUNTAMENT;AJUNTAMENT, S/N
ESTARAS;AJUNTAMENT;PLAÇA MAJOR, 1
ESTERRI D'ANEU;AJUNTAMENT;PLAÇA LA CLOSA, 1
ESTERRI DE CARDOS;AJUNTAMENT;CARRER UNIC, S/N
FARRERA;EDIFICI MUNICIPAL DE SERVEI DE BURG;PLAÇA ESCOLES, S/N -BURG-
FIGOLS I ALINYA;EDIFICI AJUNTAMENT;PLAÇA DE L'ESGLESIA, S/N -FIGOLS-
FLORESTA (LA);LOCAL SOCIAL;CARRER SANT BLAI, 20
FONDARELLA;LLAR DE JUBILATS - AJUNTAMENT;RBLA LA FONT, 26
FORADADA;TELECLUB - AJUNTAMENT;PLAÇA MAJOR, 1
FULIOLA (LA);EDIFICI DE L'AJUNTAMENT;PLAÇA AJUNTAMENT, S/N
FULLEDA;SALA DE L'AJUNTAMENT;CARRER EL FORN, 2
GAVET DE LA CONCA;EDIFICI ANTIGUES ESCOLES DE GAVET;CARRER UNIC, S/N -GAVET-
GIMENELLS I EL PLA DE LA FONT;ESCOLES GIMENELLS;CARRER LLEIDA, 6 -GIMENELLS-
GIMENELLS I EL PLA DE LA FONT;ESCOLES PLA DE LA FONT;CARRER ESCOLES, 2 -PLA DE LA FONT-
GOLMES;CENTRE CIVIC - SALA DRBAIGET;CARRER MOTA, 2
GOSOL;SALA PLENS AJUNTAMENT;PLAÇA MAJOR, 1
GRANADELLA (LA);NOVES DEPENDENCIES CENTRE CIVIC;CARRER SUNYER, 16
GRANJA D'ESCARP (LA);BIBLIOTECA PUBLICA;PLAÇA NOVA, S/N
GRANYANELLA;LOCAL SOCIAL DE FONOLLERES;AFORES, S/N -FONOLLERES-
GRANYENA DE LES GARRIGUES;AJUNTAMENT;CARRER DEL PORTAL, 5
GRANYENA DE SEGARRA;SALA D'ACTES DE L'AJUNTAMENT;PLAÇA SANT PERE, 11
GUIMERA;OFICINA DE TURISME;CTRA TARREGA, 26
GUINGUETA D'ANEU (LA);EDIFICI AJUNTAMENT - BAIXOS;CARRER CARRETERA, S/N -LA GUINGUETA-
GUISSONA;AJUNTAMENT DE GUISSONA (SALA DE PLENS);PLAÇA DEL BISBE BENLLOCH, 1
GUIXERS;AJUNTAMENT;CASA NOVA DE VALLS, S/N -VALLS-
ISONA I CONCA DELLA;AJUNTAMENT;PLAÇA BISBE BADIA, 1 -ISONA-
ISONA I CONCA DELLA;LOCAL DEL TELECLUB;PG DEL PRAT, S/N -FIGUEROLA D'ORCAU-
IVARS D'URGELL;CENTRE CULTURAL I RECREATIU;PG FELIP RODES, 11
IVARS DE NOGUERA;AJUNTAMENT;CARRER PERE, 1
IVORRA;CENTRE SOCIAL;PLAÇA MAJOR, 1
JOSA I TUIXEN;AJUNTAMENT DE JOSA I TUIXEN;PLAÇA SERRA DEL CADI, 1 -TUIXENT-
JUNCOSA;AJUNTAMENT (SALA D'ACTES);PLAÇA MAJOR, 6
JUNEDA;CEIP MANUEL ORTIZ DE JUNEDA;CARRER PRAT DE LA RIBA, S/N
LLEIDA;EDIFICI ANTIC DE L'AUDIENCIA;CARRER FERRAN RAMBLA, 13
LLEIDA;C.E.I.P- PRINCEP DE VIANA;CARRER ANSELM CLAVE, 22
LLEIDA;CENTRE CIVIC DE BALAFIA;CARRER TERRASSA, 1
LLEIDA;C.E.I.P- GINESTA;CARRER ESCOLES, 2
LLEIDA;C.E.I.P- PARDINYES;CARRER ANASTASI PINOS, 33
LLEIDA;INSTITUT E.SPARDINYES JOSEP LLADONOSA;PLAÇA MARIA RUBIES I GARROFE, 1
LLEIDA;C.E.I.P- RIU SEGRE;AVGDA TORTOSA, 86
LLEIDA;C.E.I.P- PRINCEP DE VIANA;CARRER ANSELM CLAVE, 22
LLEIDA;C.E.I.P- TERRES DE PONENT;AVGDA SANT PERE, 54
LLEIDA;INSTITUT E.SPARDINYES JOSEP LLADONOSA;PLAÇA MARIA RUBIES I GARROFE, 1
LLEIDA;EDIFICI ANTIC DE L'AUDIENCIA;CARRER FERRAN RAMBLA, 13
LLEIDA;C.E.I.P- RIU SEGRE;AVGDA TORTOSA, 86
LLEIDA;C.E.I.P- PARDINYES;CARRER ANASTASI PINOS, 33
LLEIDA;CENTRE FORMACIO D'ADULTS SEGRIA;CARRER SANTA CECILIA, 1
LLEIDA;C.E.I.P- FREDERIC GODAS;CARRER RIU BESOS, 5
LLEIDA;CENTRE CIVIC DE L'ERETA;PLAÇA ERETA, 1
LLEIDA;INSTITUT D'ESTUDIS ILERDENCS;PLAÇA CATEDRAL, 1
LLEIDA;COL·LEGI GERMANS MARISTES;AVGDA CATALUNYA, 3
LLEIDA;INSTITUT E.SMARIUS TORRES;CARRER NARCIS MONTURIOL, 2
LLEIDA;EDIFICI ESCORXADOR (LOCAL AA.VV.);PLAÇA L'ESCORXADOR, 1
LLEIDA;COL·LEGI GERMANS MARISTES;AVGDA CATALUNYA, 3
LLEIDA;CENTRE CIVIC DE L'ERETA;PLAÇA ERETA, 1
LLEIDA;UNIVERSITAT DE LLEIDA;CARRER MARAGALL, 20
LLEIDA;COL·LEGI EPISCOPAL;CARRER DOCTOR COMBELLES, 38
LLEIDA;C.E.I.P- JOAN XXIII;AVGDA PIUS XII, 4
LLEIDA;C.E.I.P- SANTA MARIA DE GARDENY;CARRER ROSSINYOL, 2
LLEIDA;C.E.I.P- MAGI MORERA;PG ONZE DE SETEMBRE, 139
LLEIDA;EDIFICI ESCORXADOR (LOCAL AA.VV.);PLAÇA L'ESCORXADOR, 1
LLEIDA;C.E.I.P- JOAN XXIII;AVGDA PIUS XII, 4
LLEIDA;SERVEI TERRITORIAL D'AGRICULTURA;CARRER CAMP DE MART, 35
LLEIDA;DELEGACIO D'HISENDA;PLAÇA CERVANTES, 17
LLEIDA;COL·LEGI DOMINIQUES;CARRER VALLCALENT, 40
LLEIDA;C.E.I.P- JOC DE LA BOLA;CARRER SEGOVIA, 5
LLEIDA;SERVEI TERRITORIAL D'AGRICULTURA;CARRER CAMP DE MART, 35
LLEIDA;C.E.I.P- JOC DE LA BOLA;CARRER SEGOVIA, 5
LLEIDA;COL·LEGI DOMINIQUES;CARRER VALLCALENT, 40
LLEIDA;C.E.I.P- JOC DE LA BOLA;CARRER SEGOVIA, 5
LLEIDA;DIPUTACIO PROVINCIAL;CARRER CARME, 26
LLEIDA;COL·LEGI LESTONAC-L'ENSENYANÇA;AVGDA PRAT DE LA RIBA, 38
LLEIDA;INSTITUT E.S- ESCOLA DEL TREBALL;CARRER PI I MARGALL, 51
LLEIDA;C.E.I.P- SANT JOSEP DE CALASANZ;CARRER PAU CLARIS, 5
LLEIDA;SERVEI CATALA DE LA SALUT;AVGDA ALCALDE ROVIRA ROURE, 2
LLEIDA;C.E.I.P- BALAFIA;CARRER VALLS D'ANDORRA, 20
LLEIDA;CENTRE CIVIC DE BALAFIA;CARRER TERRASSA, 1
LLEIDA;INSTITUT E.S- ESCOLA DEL TREBALL;CARRER PI I MARGALL, 51
LLEIDA;FACULTAT DE MEDICINA;CARRER MONTSERRAT ROIG, 2
LLEIDA;C.E.I.P- SANT JOSEP DE CALASANZ;CARRER PAU CLARIS, 5
LLEIDA;SERVEI CATALA DE LA SALUT;AVGDA ALCALDE ROVIRA ROURE, 2
LLEIDA;CENTRE CIVIC DE BALAFIA;CARRER TERRASSA, 1
LLEIDA;FACULTAT DE MEDICINA;CARRER MONTSERRAT ROIG, 2
LLEIDA;C.E.I.P- BALAFIA;CARRER VALLS D'ANDORRA, 20
LLEIDA;C.E.I.P- ENRIC FARRENY;CARRER BARBASTRO, 2
LLEIDA;PAVELLO MUNICIPAL DE LA BORDETA;TRSSI SANT JORDI, 1
LLEIDA;C.E.I.P- ENRIC FARRENY;CARRER BARBASTRO, 2
LLEIDA;LOCAL SOCIAL MAGRANERS;PLAÇA JOAN XXIII, 1
LLEIDA;PAVELLO MUNICIPAL DE LA BORDETA;TRSSI SANT JORDI, 1
LLEIDA;C.E.I.P- ANTONI BERGOS (COSTAT ESGLESIA);PTDA BUTSENIT, 43 -BUTSENIT-
LLEIDA;LOCAL SOCIAL DEL CAMI DE LA MARIOLA;PTDA MALGOVERN, 1 -LES TORRES DE SANUI-
LLEIDA;ESCOLA TECNICA SUPERIOR ENGINYER.AGRARIA;AVGDA ALCALDE ROVIRA ROURE, 191
LLEIDA;COL·LEGI MATER SALVATORIS;PTDA PLA DE MONSO, 30 -LES BASSES D'ALPICAT-
LLEIDA;FACULTAT DE MEDICINA;CARRER MONTSERRAT ROIG, 2
LLEIDA;CASA SOCIAL;CARRER MAJOR - RAIMAT, 1 -RAIMAT-
LLEIDA;C.E.I.P- EL VILOT;CARRER SUQUETS - SUCHS, 20 -SUCHS-
LLEIDA;ESCOLA TECNICA SUPERIOR ENGINYER.AGRARIA;AVGDA ALCALDE ROVIRA ROURE, 191
LLEIDA;LOCAL SOCIAL DE MONTCADA;PTDA CUNILLAS, 16 -GUALDA-
LLEIDA;SALA MUNICIPAL POLIVALENT 'EL CASINET';CARRER GRAN - LLIVIA, 58 -LLIVIA-
LLEIDA;C.E.I.P- TERRES DE PONENT;AVGDA SANT PERE, 54
LES;COLEGIO PUBLICO DE LES ALEJANDRO CASONA;CARRER DES BANHS, S/N
LINYOLA;CEIP EL SITJAR DE LINYOLA;RONDA PAU CASALS, 6
LLADORRE;SALA D'ACTES;CARRER UNIC, S/N
LLADURS;SALA DE SESSIONS DE L'AJUNTAMENT;CTRA SOLSONA-SANT LLORENÇ, S/N
LLARDECANS;LLAR DE JUBILATS;PLAÇA DELS ARBRES, 3
LLAVORSI;SALA D'ACTES DE LA CASA CONSISTORIAL;CTRA DE LA VALL D'ARAN, 55
LLES DE CERDANYA;COL·LEGI PUBLIC DE LLES;PLAÇA MAJOR, 1
LLIMIANA;AJUNTAMENT;PLAÇA MAJOR, 1
LLOBERA;LOCAL SOCIAL;LOCAL SOCIAL, S/N -PERACAMPS-
MAIALS;ESCOLA PUBLICA CEIP OTOGESA DE MAIALS;PLAÇA ELISEO SALES, S/N
MALDA;LLAR DE JUBILATS-EDIFICI AJUNTAMENT;PLAÇA HOMENATGE A LA VELLESA, 1
MASSALCOREIG;EDIFICI AJUNTAMENT;PLAÇA ESGLESIA, S/N
MASSOTERES;CENTRE SOCIAL DE MASSOTERES;CARRER FONT, 1
MENARGUENS;ESCOLA PUBLICA 'JOAN ROS PORTA';PLAÇA EMPIT DEL VALL, 10
MIRALCAMP;ESCOLA PUBLICA 'SANT MIQUEL';C/ ESCOLES, S/N
MOLSOSA (LA);CENTRE RECREATIU;CASA CONSISTORIAL, S/N
MOLLERUSSA;COL·LEGI DEL CARME;CARRER CRIST REI, 5
MOLLERUSSA;COL·LEGI LA SALLE;CARRER FERRER I BUSQUETS, 17
MOLLERUSSA;EDIFICI GUIU CLARA;CARRER ARBECA, 34
MOLLERUSSA;COL·LEGI LA SALLE;CARRER FERRER I BUSQUETS, 17
MONTELLA I MARTINET;LOCAL JOVE;PLAÇA PERE SARRET, 1 -MARTINET-
MONTFERRER I CASTELLBO;CASA CONSISTORIAL;PLAÇA LA TROBADA MONTFERRER, S/N -MONTFERRER-
MONTGAI;ESCOLES PUBLIQUES;AV GENERALITAT, 21
MONTGAI;ESCOLES PUBLIQUES;CARRER BUENOS AIRES, S/N -BUTSENIT-
MONTOLIU DE LLEIDA;SALA DEL BALL;CARRER LA CREU, 21
MONTOLIU DE SEGARRA;LOCAL SOCIAL;CARRER CALL, 5
MONTORNES DE SEGARRA;LOCAL SOCIAL DE MONTORNES;CARRER MAJOR, S/N
NALEC;AJUNTAMENT- CASAL D'AVIS;PLAÇA ESGLESIA, S/N
NAUT ARAN;POLIESPORTIU MUNICIPAL - SALARDU;CTRA BAGERGUE UVAGO, 4 -SALARDU-
NAUT ARAN;EDIFICI AJUNTAMENT, BAIXOS - ARTIES;PLAÇA ORTAU, 1 -ARTIES-
NAVES;CASA CONSISTORIAL;CASA CONSISTORIAL, S/N
ODEN;CASA CONSISTORIAL;CTRA DE COLL DE JOU, S/N -CAMBRILS-
OLIANA;AJUNTAMENT;PLAÇA LA REGUERETA, S/N
OLIOLA;AJUNTAMENT;PLAÇA ESCOLES, 1
OLIUS;LA CASA DEL POBLE;PLAÇA DE L'OLIVERA, 1 -EL PI DE SANT JUST-
OLUGES (LES);CASA CONSISTORIAL;CARRER DEL CASTELL, 2
OMELLONS (ELS);LOCAL SOCIAL DELS OMELLONS - BAIXOS;PLAÇA MAJOR, 13
OMELLS DE NA GAIA (ELS);ESCOLA PUBLICA;PLAÇA MAJOR, 1
ORGANYA;AJUNTAMENT (SALA D'ACTES);CTRA LLEIDA, 23
OS DE BALAGUER;AJUNTAMENT D'OS DE BALAGUER;CARRER LA SEDA, 26
OS DE BALAGUER;EMD DE GERB;PLAÇA MAJOR - GERB, 2 -GERB-
OSSO DE SIO;LOCAL SOCIAL D'OSSO DE SIO;PLAÇA MAJOR OSSO DE SIO, S/N
PALAU D'ANGLESOLA (EL);COL·LEGI PUBLIC ARNAU BERENGUER;PLAÇA GENERALITAT, S/N
PENELLES;SALA LO XARAGALL;CARRER DE RITA BOLDU, S/N
PERAMOLA;AJUNTAMENT;CARRER FEDERICO RIBO, 8
PINELL DE SOLSONES;CASA CONSISTORIAL;AJUNTAMENT NOU, S/N -SANT CLIMENÇ-
PINOS;AJUNTAMENT;CASA CONSISTORIAL, S/N
PLANS DE SIO;COL·LEGI PUBLIC DE LES PALLARGUES;CARRER ESTUDIS, S/N -LES PALLARGUES-
POAL (EL);ESCOLA PUBLICA 'EL ROSER' AULA CICLE SU.;PLAÇA CATALUNYA, 1
POBLA DE CERVOLES (LA);AJUNTAMENT;PLAÇA SANT MIQUEL, 9
POBLA DE SEGUR (LA);COMU DE PARTICULARS;CARRER LA FONT, 17
POBLA DE SEGUR (LA);TORRE MAURI;AV VERDAGUER, 35
PONT DE BAR (EL);AJUNTAMENT;PLAÇA MAJOR, 1
PONT DE SUERT (EL);EDIFICI NOVA CONFRARIA DE SANT SEBASTIA;AV DE VICTORIANO MUÑOZ, 22
PONTS;'LA SALA';CARRER SANT CRISTOFOL, 12
PORTELLA (LA);AJUNTAMENT (BAIXOS);PLAÇA CREU, 1
PRATS I SANSOR;LOCAL SOCIAL AJUNTAMENT;PLAÇA DE LA FONT, S/N -PRATS-
PREIXANA;CASAL SOCIAL D'AVIS;PLAÇA CATALUNYA, 5
PREIXENS;ESCOLES PUBLIQUES DE PREIXENS;TRSSI SANT JOAN, S/N
PRULLANS;AJUNTAMENT - ESCOLA;CARRER PUIG, S/N
PUIGGROS;CASAL CULTURAL;CARRER NOU, S/N
PUIGVERD D'AGRAMUNT;CONSULTORI MEDIC;CARRER CENDRA, 5
PUIGVERD DE LLEIDA;ESCOLA SANT JORDI;CARRER LLEIDA, 65
RIALP;AJUNTAMENT - SALA DE PLENS, PLANTA 1ª;PLAÇA DEL TORNALL, 1
RIBERA D'ONDARA;AJUNTAMENT;CARRER RAVAL DEL PONT, 6 -SANT ANTOLI I VILANOVA-
RIBERA D'URGELLET;CASA CONSISTORIAL;CTRA LLEIDA, S/N -EL PLA DE SANT TIRS-
RINER;CASA GRAN DEL MIRACLE;CASA GRAN, S/N -EL MIRACLE-
RIU DE CERDANYA;SALA SOCIAL DE L'AJUNTAMENT;PLAÇA DE L'AJUNTAMENT, 1
ROSSELLO;EDIFICI AJUNTAMENT DE ROSSELLO;AVGDA CATALUNYA, 2
SALAS DE PALLARS;EDIFICI 'LO CASAL';CARRER BON JESUS, 5
SANAUJA;ESCOLA PUBLICA;PG RONDA, S/N
SANT ESTEVE DE LA SARGA;CASA CONSISTORIAL;CASA CONSISTORIAL, S/N
SANT GUIM DE FREIXENET;COL·LEGI PUBLIC L'ESTEL (MENJADOR);PLAÇA DE LA SEGARRA, S/N
SANT GUIM DE LA PLANA;BAIXOS DE L'AJUNTAMENT DE SANT GUIM;CTRA GUISSONA, 1
SANT LLORENÇ DE MORUNYS;AJUNTAMENT DE SANT LLORENÇ DE MORUNYS;CARRER DE JOSEP CIRERA, 1
SANT MARTI DE RIUCORB;OFICINES DE L'AJUNTAMENT;PLAÇA MAJOR, S/N -SANT MARTI DE MALDA-
SANT RAMON;LOCAL POLIVALENT;AV DE LA FONT, 1
SARROCA DE BELLERA;AJUNTAMENT DE SARROCA;CARRER UNIC, S/N
SARROCA DE LLEIDA;CASA CONSISTORIAL - SALA D'ACTES;CARRER MONSENYOR VILAPLANA, 30
SENTERADA;AJUNTAMENT;PLAÇA L'AJUNTAMENT, S/N
SENTIU DE SIÓ (LA);AULA DEL COL·LEGI PUBLIC;CARRER LES ESCOLES, 4
SEROS;I.E.SDE SEROS;PLAÇA DE LES ESCOLES, 1
SEU D'URGELL (LA);CENTRE CIVIC EL PASSEIG;CARRER LLUIS DE SABATER, 4
SEU D'URGELL (LA);SALA CULTURAL SANT DOMENEC;CARRER SANT DOMENEC, 2
SEU D'URGELL (LA);BAIXOS CENTRE CULTURAL LES MONGES;PLAÇA MONGES, 2
SEU D'URGELL (LA);COL·LEGI LA SALLE;CARRER SANT JOAN BAPTISTA DE LA SALLE, 51
SEU D'URGELL (LA);CENTRE CIVIC DE L'ESCORXADOR;CAMI PALANCA, 33
SEU D'URGELL (LA);LOCAL SOCIAL DE CASTELLCIUTAT;PLCET AJUNTAMENT, 4 -CASTELLCIUTAT-
SEU D'URGELL (LA);ARXIU COMARCAL;CARRER SANT ERMENGOL, 71
SIDAMON;L'ESCOLA PUBLICA;CARRER CARRETERA, 21
SOLERAS (EL);EDIFICI AJUNTAMENT;CTRA BELLPUIG, 23
SOLSONA;SALA POLIVALENT;CARRER GAUDI, 2
SORIGUERA;CASA CONSISTORIAL - BAIXOS;PLAÇA MARE DE DEU DE MEDINA, S/N -VILAMUR-
SORT;LOCAL DEL CASAL DE GENT GRAN;CARRER DRCARLES POL I ALEU, 8
SOSES;CENTRE CIVIC;PLAÇA AJUNTAMENT, 4
SUDANELL;SALA D'ACTES DE L'AJUNTAMENT;PLAÇA AJUNTAMENT, 4
SUNYER;CASA DE LA VILA;AV DE LES GARRIGUES, S/N
TALARN;AJUNTAMENT - BAIXOS;CARRER PAU COLL, 3
TALAVERA;CONSULTORIO MEDICO;CARRER COSTA, S/N
TARREGA;AJUNTAMENT;PL MAJOR, 1
TARREGA;MUSEU COMARCAL DE L'URGELL;C/ MAJOR, 11
TARREGA;INSTITUT BATXMANUEL DE PEDROLO;AV TARRAGONA, 2
TARREGA;COL·LEGI PUBLIC JACINT VERDAGUER;C/ RAMON I CAJAL, 10
TARREGA;COL·LEGI SANT JOSEP;C/ MARE VEDRUNA, S/N
TARREGA;COL·LEGI PUBLIC ANGEL GUIMERA;C/ ARQUITECTE FLORENSA, 24
TARREGA;ESCOLA ANGLO-FRANCESA;C/ RAMON CARNICER, 1
TARREGA;ESCOLA ALBA;PG SIMO CANET, S/N
TARREGA;ESCOLA PIA;PL PARE CARLES PERELLO, 1
TARREGA;CENTRE D'ENTITATS;C/ SEGLE XX, 2
TARRES;CASA DE LA VILA;CARRER MONTSERRAT, 17
TARROJA DE SEGARRA;CASA CONSISTORIAL;CTRA GUISSONA A CERVERA, S/N
TERMENS;EDIFICI AJUNTAMENT;PLAÇA CATALUNYA, 1
TIRVIA;EDIFICI ESCOLA;CARRER ESCOLES, S/N
TIURANA;AJUNTAMENT TIURANA-SOLES;AJUNTAMENT TIURANA-SOLES, S/N
TORA;COL·LEGI PUBLIC SANT GIL;CARRER ERES, 16
TORMS (ELS);EDIFICI DE L'AJUNTAMENT;PLAÇA MAJOR, 4
TORNABOUS;SALA SALVADOR SEGUI;PLAÇA LA VILA, 1
TORRE DE CABDELLA;AJUNTAMENT DE TORRE DE CAPDELLA;PLAÇA DE L'AJUNTAMENT, 1 -LA TORRE DE CAPDELLA-
TORRE-SERONA;CASA CONSISTORIAL;CARRER MAJOR, 29
TORREBESSES;AJUNTAMENT DE TORREBESSES;CARRER PORTAL, 3
TORREFARRERA;CASA CONSISTORIAL;CARRER MAJOR, 35
TORREFETA I FLOREJACS;CASA CONSISTORIAL;CARRER CARRETERA, S/N -TORREFETA-
TORREGROSSA;REGIDORIA DE CULTURA I ESPORTS;PLAÇA CANALEJAS, 1
TORREGROSSA;AJUNTAMENT (SALA DE PLENS);PLAÇA CANALEJAS, 1
TORRELAMEU;CENTRE CIVIC;CARRER DE BALAGUER, 3
TORRES DE SEGRE;AJUNTAMENT - BAIXOS;PLAÇA ESGLESIA, 1
TREMP;CEIP VALLDEFLORS;CARRER TARRAGONA, 37
VALL DE BOI (LA);AJUNTAMENT DE LA VALL DE BOI;PG SANT FELIU, 43 -BARRUERA-
VALL DE CARDOS;BAIXOS AJUNTAMENT;CAMI COMUNIDOR, S/N -RIBERA DE CARDOS-
VALLBONA DE LES MONGES;SALA D'ACTES DE CASA LA VILA;CARRER PRAT DE LA RIBA, 3
VALLFOGONA DE BALAGUER;SALA D'ACTES AJUNTAMENT;CARRER MAJOR, 29
VALLFOGONA DE BALAGUER;LOCAL SOCIAL-VESTIDORS;CARRER JOAQUIM LLUCH ROVIRA, 1 B -LA RAPITA-
VALLFOGONA DE BALAGUER;LOCAL SOCIAL DE L'HOSTAL NOU I LA CODOSA;CARRER FRANCESC MACIA, 1 -L'HOSTAL NOU I LA CODOSA-
VALLS D'AGUILAR (LES);CENTRE CIVIC CAL PERE;CARRER DIPUTACIO, 83 -NOVES DE SEGRE-
VALLS DE VALIRA (LES);CASA CONSISTORIAL;CARRER PLAÇA, S/N -ANSERALL-
VANSA I FORNOLS;CASA CONSISTORIAL;CARRER UNIC, S/N -SORRIBES-
VERDU;AJUNTAMENT DE VERDU;PLAÇA MAJOR, 1
VIELHA E MIJARAN;ESCOLA PUBLICA 'GARONA';CTRA DETH TUNEL, 4 -VIELHA-
VIELHA E MIJARAN;LOCAL SOCIAL DE AUBERT;PLAÇA MAJOR, 1 -AUBERT-
VIELHA E MIJARAN;COL·LEGI PUBLIC 'METDIA';CARRER SANT SEBASTIA, 37 -ESCUNHAU-
VIELHA E MIJARAN;COL·LEGI PUBLIC 'BARICAUBA';CARRER MAJOR, 1 -GAUSAC-
VIELHA E MIJARAN;CASAU DETH JUBILAT;AV PAS D'ARRO, 20 -VIELHA-
VILA-SANA;BAIXOS CASA CONSISTORIAL;PLAÇA MAJOR, 4
VILAGRASSA;CASA DE LA VILA;CARRER RAMON PERELLO, 1
VILALLER;CASA CONSISTORIAL - SALO DE SESSIONS;CARRER SANT CLIMENT, 3
VILAMOS;AJUNTAMENT;PLAÇA MAJOR, 4
VILANOVA DE BELLPUIG;SALA DE JOVENT DE L'AJUNTAMENT;CARRER DR GASSOL, 1
VILANOVA DE L'AGUDA;CASA CONSISTORIAL;CARRER MAJOR, 30
VILANOVA DE LA BARCA;SALA SOCIOCULTURAL DE L'AJUNTAMENT;PLAÇA MAJOR, 4
VILANOVA DE MEIA;SALA D'ACTES DE L'AJUNTAMENT;CARRER LA FONT, 13
VILANOVA DE SEGRIA;AJUNTAMENT - SALA SOCIAL;CARRER MAJOR, S/N
VILOSELL (EL);LOCAL POLIVALENT;CARRER CARRETERA, 10
VINAIXA;VESTIBUL PRINCIPAL DE L'AJUNTAMENT;CTRA LLEIDA, 1
