AGULLANA;AJUNTAMENT D’AGULLANA (BAIXOS);C/ LLUÍS GOMIS NUM: 2 - AGULLANA (17707)
AIGUAVIVA;CASA DE LA VILA (BAIXOS);PLAÇA CONSTITUCIONAL NUM: 1 - AIGUAVIVA (17181)
ALBANYÀ;LOCAL POLIVALENT MUNICIPAL;C/ FIGUERES NUM: 15 - ALBANYÀ (17733)
ALBONS;SALA D’EXPOSICIONS MUNICIPAL;PLAÇA POBLE NUM: 1 - ALBONS (17136)
ALP;COL·LEGI ELECTORAL;PLCET CASINO (DEL) NUM: 1 - ALP (17538)
AMER;CASAL D’AMER;RBLA MONESTIR NUM: 6 - AMER (17170)
ANGLÈS;LLAR D’INFANTS MUNICIPAL;C/ JOAN COROMINAS (DE) S/N - ANGLÈS (17160)
ARBÚCIES;CEIP DR. CARULLA;AV PAÏSOS CATALANS S/N - ARBÚCIES (17401)
ARGELAGUER;CASAL D’ARGELAGUER;CTRA OLOT (D’) NUM: 35 - ARGELAGUER (17853)
ARMENTERA (L’);AJUNTAMENT DE L’ARMENTERA;CARRE PAU CASALS NUM: 2 - ARMENTERA (L’) (17472)
AVINYONET DE PUIGVENTÓS;CENTRE CIVIC;C/ AJUNTAMENT NUM: 4 - AVINYONET DE PUIGVENTÓS (17742)
BANYOLES;AJUNTAMENT DE BANYOLES (SALA DE SESSIONS);PG INDUSTRIA NUM: 25 - BANYOLES (17820)
BANYOLES;ATENEU. CENTRE MPAL. D’ESTUDIS MUSICALS;PLAÇA MAJOR NUM: 40 - BANYOLES (17820)
BANYOLES;ESCOLA MOSSEN BALDIRI REIXACH;C/ LLIBERTAT NUM: 76 - BANYOLES (17820)
BANYOLES;LA BALCA - CENTRE EDUCATIU MUNICIPAL;C/ MARIA MONTESSORI NUM: 20 - BANYOLES (17820)
BANYOLES;LOCAL ASSOCIACIO DE VEINS DE MAS PALAU;C/ SANT NARCIS NUM: 6 - BANYOLES (17820)
BANYOLES;LOCAL SOCIAL DEL BARRI DE CAN PUIG;C/ FIGUERES NUM: 45 - BANYOLES (17820)
BÀSCARA;AJUNTAMENT DE BÀSCARA (BAIXOS);PLAÇA MAJOR NUM: 2 - BÀSCARA (17483)
BEGUR;CASAL DE LA GENT GRAN;AV ONZE DE SETEMBRE NUM: 3 - BEGUR (17255)
BEGUR;ESCOLES VELLES (BAIXOS);CARRE BONAVENTURA CARRERAS NUM: 11 - BEGUR (17255)
BEGUR;LOCAL POLIVALENT D’ESCLANYA;CARRE PERDIU NUM: 3 - ARGILES (LES) - ESCLANYA - BEGUR (17213)
BELLCAIRE D’EMPORDÀ;Z AJUNTAMENT DE BELLCAIRE D’EMPORDÀ (SALA DE PLENS);PLAÇA COMTES D’EMPURIES NUM: 1 - BELLCAIRE D’EMPORDÀ (17141)
BESALÚ;PAVELLÓ MUNICIPAL;PG FRANCESC CAMBÓ NUM: 4 - BESALÚ (17850)
BESCANÓ;COL·LEGI PUBLIC SANTIAGO SOBREQUES;PLAÇA NACIONS NUM: 8 - BESCANÓ (17162)
BEUDA;ANTIGUES ESCOLES MUNICIPALS;PLAÇA MAJOR NUM: 4 - BEUDA (17850)
BISBAL D’EMPORDÀ (LA);K CASTELL MEDIEVAL;PLAÇA CASTELL NUM: 21 - BISBAL D’EMPORDÀ (LA) (17100)
BISBAL D’EMPORDÀ (LA);L COL·LEGI MAS CLARA;CARRE MAS CLARA NUM: 2 - BISBAL D’EMPORDÀ (LA) (17100)
BISBAL D’EMPORDÀ (LA);L EDIFICI MUNDIAL-BIBLIOTECA PÚBLICA;CARRE ESTACIO NUM: 2 - BISBAL D’EMPORDÀ (LA) (17100)
BISBAL D’EMPORDÀ (LA);L INSTITUT DE FORMACIO PROFESIONAL;CARRE COLL I VEHI NUM: 6 - BISBAL D’EMPORDÀ (LA) (17100)
BISBAL D’EMPORDÀ (LA);Z CAMP DELS CAPELLANS;CARRE RAMON DE CABRERA NUM: 19 - BISBAL D’EMPORDÀ (LA) (17100)
BISBAL D’EMPORDÀ (LA);Z CASTELL MEDIEVAL;PLAÇA CASTELL NUM: 21 - BISBAL D’EMPORDÀ (LA) (17100)
BISBAL D’EMPORDÀ (LA);Z COL·LEGI MAS CLARA;CARRE MAS CLARA NUM: 2 - BISBAL D’EMPORDÀ (LA) (17100)
BISBAL D’EMPORDÀ (LA);Z D.A.R.P. DE LA GENERALITAT DE CATALUNYA;AV PRESIDENT COMPANYS NUM: 19 - BISBAL D’EMPORDÀ (LA) (17100)
BISBAL D’EMPORDÀ (LA);Z EDIFICI MUNDIAL-BIBLIOTECA PÚBLICA;CARRE ESTACIO NUM: 2 - BISBAL D’EMPORDÀ (LA) (17100)
BISBAL D’EMPORDÀ (LA);Z INSTITUT DE FORMACIO PROFESIONAL;CARRE COLL I VEHI NUM: 6 - BISBAL D’EMPORDÀ (LA) (17100)
BIURE;CENTRE CIVIC;C/ FONT NUM: 2 - BIURE (17723)
BLANES;BIBLIOTECA COMARCAL;PG CATALUNYA NUM: 2 - BLANES (17300)
BLANES;CASA DE CULTURA;CARRE JAUME ARCELOS NUM: 7 - BLANES (17300)
BLANES;CASA SALADRIGAS;CARRE ROIG I RAVENTOS NUM: 2 - BLANES (17300)
BLANES;CEIP MOSSÉN JOAN BATLLE;CARRE LOPE DE VEGA NUM: 1 - BLANES (17300)
BLANES;CENTRE CULTURAL “ELS PADRETS”;CARRE SANT BONOS NUM: 5 - BLANES (17300)
BLANES;COL·LEGI NAPOLEO SOLIVA;CARRE ASTURIES NUM: 35 - BLANES (17300)
BLANES;COL·LEGI QUATRE VENTS;AV PAVOS (ELS) NUM: 54 - BLANES (17300)
BLANES;COL·LEGI SANTA MARIA;CARRE SANTA BARBARA NUM: 1 - BLANES (17300)
BLANES;I.E.S. S’AGULLA;CTRA MALGRAT NUM: 13 - BLANES (17300)
BLANES;LOCAL DE LA ASOCIACIÓN ANDALUZA DE ARDALEÑOS;CARRE MONT-FERRANT NUM: 1 - BLANES (17300)
BLANES;LOCAL SOCIAL DE LA CTRA. DE LLORET - LA PEDRERA;AV JOAN CARLES I NUM: 97 - BLANES (17300)
BLANES;LOCAL SOCIAL DELS PINS;CARRE FRANCESC MACIA NUM: 26 - BLANES (17300)
BLANES;LOCAL SOCIAL DE MAS BORINOT;CARRE CAMI SANT PERE DEL BOSC NUM: 2 - BLANES (17300)
BLANES;LOCAL SOCIAL DE MAS CREMAT;PLAÇA MAS CREMAT NUM: 1 - BLANES (17300)
BLANES;LOCAL SOCIAL DE MAS ENLAIRE;PLAÇA ONZE DE SETEMBRE NUM: 25 - BLANES (17300)
BLANES;LOCAL SOCIAL DE MAS FLORIT;CARRE BASSEGODA NUM: 2 - BLANES (17300)
BLANES;LOCAL SOCIAL DE RAVAL;CARRE PETIT RAVAL NUM: 5 - BLANES (17300)
BLANES;LOCAL SOCIAL DE VALLDOLIG;CARRE VALLDOLIG NUM: 23 - BLANES (17300)
BLANES;SALA EXPOSICIONS “M.LUISA GARCIA TORNEL”;CARRE AMPLE NUM: 11 - BLANES (17300)
BOADELLA I LES ESCAULES;AJUNTAMENT DE BOADELLA I LES ESCAULES (SALA DE PLENS);CARRE CREU (DE LA ) NUM: 1 - BOADELLA - BOADELLA I LES ESCAULES (17723)
BOLVIR;ESCOLA MUNICIPAL DE SANTA CECÍLIA;CARRE ESTARAGALLS NUM: 16 - RAVAL DEL CASTELL - BOLVIR (17539)
BORDILS;AJUNTAMENT DE BORDILS;PLAÇA ONZE DE SETEMBRE NUM: 1 - BORDILS (17462)
BORRASSÀ;AJUNTAMENT DE BORRASSA;PLAÇA MAJOR NUM: 1 - BORRASSÀ (17770)
BREDA;CENTRE CIVIC;AV VERGE DE MONTSERRAT NUM: 20 - BREDA (17400)
BRUNYOLA;CASA CONSISTORIAL (SALA D’ACTES - BAIXOS);PLAÇA BRUNYOLA NUM: 3 - BRUNYOLA (17441)
CABANELLES;AJUNTAMENT DE CABANELLES (BAIXOS);CARRE ESGLESIA NUM: 4 - CABANELLES (17746)
CABANES;CENTRE CULTURAL;CARRE COLON NUM: 11 - CABANES (17761)
CADAQUÉS;TEATRE ART I JOIA;PLAÇA ART I JOIA NUM: 1 - CADAQUÉS (17488)
CALDES DE MALAVELLA;COL·LEGI PUBLIC SANT ESTEVE;C/ VALL-LLOBERA NUM: 62 - CALDES DE MALAVELLA (17455)
CALONGE;PAVELLO POLIESPORTIU;PG HIVERN S/N - CALONGE (17251)
CALONGE;TEATRE ARTUR MUNDET;C/ GARBÍ NUM: 2A - SANT ANTONI DE CALONGE - CALONGE (17252)
CAMÓS;AJUNTAMENT DE CAMÓS;VENAT CRUANYES NUM: 2 - SANT VICENÇ DE CAMOS - CAMÓS (17834)
CAMPDEVÀNOL;COL.LEGI PIRINEU;CARRE COLL I BARDOLET NUM: 9 - CAMPDEVÀNOL (17530)
CAMPELLES;SALA DE L’AJUNTAMENT DE CAMPELLES (SEGONA PLANTA);PL AJUNTAMENT (DE L’) S/N - CAMPELLES (17534)
CAMPLLONG;AJUNTAMENT DE CAMPLLONG (SALA D’ACTES);C/ ESGLÉSIA NUM: 21 - CAMPLLONG (17459)
CAMPRODON;COL·LEGI PUBLIC DR.ROBERT;PLAÇA SANTA MARIA NUM: 8 - CAMPRODON (17867)
CANET D’ADRI;AJUNTAMENT DE CANET D’ADRI (BAIXOS);AV ROCACORBA NUM: 21 - CANET - CANET D’ADRI (17199)
CANTALLOPS;ESCOLES MUNICIPALS;C/ REQUESENS S/N - CANTALLOPS (17708)
CAPMANY;AJUNTAMENT DE CAPMANY;PLAÇA FORT (DEL) NUM: 1 - CAPMANY (17750)
CASSÀ DE LA SELVA;AJUNTAMENT DE CASSA DE LA SELVA;PLAÇA COMA (DE LA) NUM: 1 - CASSÀ DE LA SELVA (17244)
CASSÀ DE LA SELVA;CENTRE CULTURAL SALA GALÀ;C/ MOLI NUM: 9 - CASSÀ DE LA SELVA (17244)
CASSÀ DE LA SELVA;COL·LEGI PUBLIC;RBLA ONZE DE SETEMBRE NUM: 59 - CASSÀ DE LA SELVA (17244)
CASSÀ DE LA SELVA;LOCAL MUNICIPAL;C/ ENRIC CORIS NUM: 11 - CASSÀ DE LA SELVA (17244)
CASSÀ DE LA SELVA;SALA D’EXPOSICIONS L’ESTACIÓ;RBLA ONZE DE SETEMBRE NUM: 113 - CASSÀ DE LA SELVA (17244)
CASTELLFOLLIT DE LA ROCA;CENTRE CÍVIC;C/ MIGDIA NUM: 1 - CASTELLFOLLIT DE LA ROCA (17856)
CASTELLÓ D’EMPÚRIES;K CENTRE CIVIC D’EMPURIABRAVA;CARRE BADIA-GRAN RESERVA S/N - EMPURIABRAVA - CASTELLÓ D’EMPÚRIES (17487)
CASTELLÓ D’EMPÚRIES;K SALA MUNICIPAL;PLAÇA JOC DE LA PILOTA NUM: 1 - CASTELLÓ D’EMPÚRIES (17486)
CASTELLÓ D’EMPÚRIES;L CENTRE DE SERVEIS D’EMPURIABRAVA;CARRE PUIGMAL NUM: 1 - EMPURIABRAVA - CASTELLÓ D’EMPÚRIES (17487)
CASTELLÓ D’EMPÚRIES;Z CENTRE CIVIC D’EMPURIABRAVA;CARRE BADIA-GRAN RESERVA S/N - EMPURIABRAVA - CASTELLÓ D’EMPÚRIES (17487)
CASTELLÓ D’EMPÚRIES;Z CENTRE DE SERVEIS D’EMPURIABRAVA;CARRE PUIGMAL NUM: 1 - EMPURIABRAVA - CASTELLÓ D’EMPÚRIES (17487)
CASTELLÓ D’EMPÚRIES;Z SALA MUNICIPAL;PLAÇA JOC DE LA PILOTA NUM: 1 - CASTELLÓ D’EMPÚRIES (17486)
CASTELL-PLATJA D’ARO;CA LA GENEROSA;AV PLATJA D’ARO NUM: 228 - S’AGARO - CASTELL-PLATJA D’ARO (17248)
CASTELL-PLATJA D’ARO;PALAU D’ESPORTS I CONGRESSOS;PLAÇA EUROPA S/N - PLATJA D’ARO - CASTELL-PLATJA D’ARO (17250)
CASTELL-PLATJA D’ARO;SALA POLIVALENT DE CASTELL D’ARO;AV CARRILET (DEL) NUM: 71 - CASTELL D’ARO - CASTELL-PLATJA D’ARO (17249)
CELLERA DE TER (LA);AJUNTAMENT DE LA CELLERA DE TER;AV MONTSERRAT NUM: 20 - CELLERA DE TER (LA) (17165)
CELRÀ;CAN PONAC;C/ FÀBRICA NUM: 31 - CELRÀ (17460)
CERVIÀ DE TER;ESCOLA PUBLICA;C/ TORROELLA NUM: 49 - CERVIÀ DE TER (17464)
CISTELLA;AJUNTAMENT DE CISTELLA;PLAÇA MAJOR NUM: 4 - CISTELLA (17741)
COLERA;CENTRE CIVIC;CARRE MAR NUM: 49 - COLERA (17496)
COLOMERS;CENTRE CIVIC;PLAÇA CATALUNYA (DE) NUM: 1 - COLOMERS (17144)
CORÇÀ;CENTRE CÍVIC;AV SANTA CRISTINA NUM: 5 - (CORÇA (SANTA CRISTINA)) - CORÇÀ (17121)
CORNELLÀ DEL TERRI;AJUNTAMENT DE CORNELLÀ DEL TERRI;CARRE MOSSEN JACINT VERDAGUER NUM: 4 - CORNELLÀ DEL TERRI (17844)
CRESPIÀ;AJUNTAMENT DE CRESPIÀ (BAIXOS);CARRE MAJOR NUM: 2 - CRESPIÀ (17832)
CRUÏLLES, MONELLS I SANT SADURNÍ DE L’HEURA;CAN GERONÈS (BAIXOS);CARRE ESGLESIA MONELLS NUM: 13 - MONELLS - CRUÏLLES, MONELLS I SANT SADURNÍ DE L’HEURA (17121)
CRUÏLLES, MONELLS I SANT SADURNÍ DE L’HEURA;ESCOLES D’EGB;CARRE RAVAL NUM: 8 - BORDETA (LA) - CRUÏLLES - CRUÏLLES, MONELLS I SANT SADURNÍ DE L’HEURA (17116)
CRUÏLLES, MONELLS I SANT SADURNÍ DE L’HEURA;OFICINES MUNICIPALS;PLAÇA FONT NUM: 8 - SANT SADURNI - CRUÏLLES, MONELLS I SANT SADURNÍ DE L’HEURA (17118)
DARNIUS;AJUNTAMENT DE DARNIUS (BAIXOS);CARRE MAJOR NUM: 3 - DARNIUS (17722)
DAS;CASA CONSISTORIAL SALA COMUNITARIA DE REUNIONES;PG ROSSEND ARUS NUM: 3 - DAS (17538)
ESCALA (L’);CENTRE ESPORTIU I RECREATIU;CARRE GARBI NUM: 6 - ESCALA (L’) (17130)
ESCALA (L’);ESCOLA SECUNDARIA “EL PEDRO”;CARRE VILABERTRAN NUM: 2 - ESCALA (L’) (17130)
ESCALA (L’);LLAR DE JUBILATS;CARRE RUSIÑOL NUM: 1 - ESCALA (L’) (17130)
ESPINELVES;SALA D’EXPOSICIONS MUNICIPAL;PLAÇA ESGLÉSIA (DE L’) NUM: 1 - ESPINELVES (17405)
ESPOLLA;CASA DE LA VILA;CARRE AMADEU SUDRIA NUM: 3 - ESPOLLA (17753)
ESPONELLÀ;AJUNTAMENT D’ESPONELLA;PLAÇA AJUNTAMENT NUM: 1 - ESPONELLÀ (17832)
FAR D’EMPORDÀ (EL);Z NOU AJUNTAMENT DEL FAR D’EMPORDÀ (VESTÍBUL - BAIXOS);PLAÇA AJUNTAMENT NUM: 1 - FAR D’EMPORDÀ (EL) (17469)
FIGUERES;ANTIC AJUNTAMENT DE VILATENIM;CARRE NOU DE VILATENIM NUM: 13 - VILATENIM - FIGUERES (17484)
FIGUERES;ARXIU MUNICIPAL DE FIGUERES;CARRE MORERIA NUM: 9 - FIGUERES (17600)
FIGUERES;ASIL VILALLONGA;AV VILALLONGA NUM: 3 - FIGUERES (17600)
FIGUERES;CEIP SANT PAU;CARRE MUNTANER NUM: 4 - FIGUERES (17600)
FIGUERES;CENTRE CIVIC CREU DE LA MA;PLAÇA REMEI BOSCH SALAMO S/N - FIGUERES (17600)
FIGUERES;CENTRE CIVIC DE LA MARCA DE L’HAM;CARRE VILATENIM (VILATENIM) S/N - FIGUERES (17600)
FIGUERES;CENTRE SOCIAL DEL CULUBRET;CARRE MAJOR NUM: 39 - FIGUERES (17600)
FIGUERES;CENTRE SOCIAL DE L’EIXAMPLE;CARRE NARCIS SOLER NUM: 6 - FIGUERES (17600)
FIGUERES;CENTRE SOCIAL DE L’OLIVAR GRAN;CARRE PERE TEIXIDOR NUM: 8 - FIGUERES (17600)
FIGUERES;CENTRE SOCIAL HORTA CAPALLERA;CARRE PUIG ROM S/N - FIGUERES (17600)
FIGUERES;CENTRE SOCIAL JUNCARIA PARC BOSC;PTGE MARIANA PINEDA NUM: 5 - FIGUERES (17600)
FIGUERES;COL·LEGI JOAQUIM CUSI I FORTUNET;CARRE MET MIRAVITLLES NUM: 1 - FIGUERES (17600)
FIGUERES;COL·LEGI JOSEP PALLACH;CARRE FOSSOS NUM: 1 - FIGUERES (17600)
FIGUERES;EDIFICI DE SERVEIS MUNICIPALS;AV SALVADOR DALI DOMENECH NUM: 107 - FIGUERES (17600)
FIGUERES;FUNDACIO CLERCH I NICOLAU;CARRE NOU NUM: 53 - FIGUERES (17600)
FIGUERES;INSTITUT ALEXANDRE DEULOFEU;CARRE JOAQUIM CUSI I FORTUNET NUM: 3 - FIGUERES (17600)
FIGUERES;INSTITUT RAMON MUNTANER;CARRE SANT PAU NUM: 51 - FIGUERES (17600)
FIGUERES;LOCAL DE LA PARROQUIA DE SANT PERE;PLAÇA GALA I SALVADOR DALI NUM: 1 - FIGUERES (17600)
FIGUERES;LOCAL SOCIAL DE L’HORTA DE L’HOSPITAL;PLAÇA HORTA DE L’HOSPITAL NUM: 1 - FIGUERES (17600)
FIGUERES;LOCAL SOCIAL DEL RALLI SUD;CARRE POUS I PAGES NUM: 9 - FIGUERES (17600)
FIGUERES;LOCAL SOCIAL DELS CENDRASSOS;CARRE CENDRASSOS NUM: 36 - FIGUERES (17600)
FIGUERES;SALA D’ACTES DE LA BIBLIOTECA MUNICIPAL;CARRE MANUEL DE FALLA NUM: 1 - FIGUERES (17600)
FLAÇÀ;AJUNTAMENT DE FLAÇÀ;PLAÇA ESTACIÓ DEL CARRILET NUM: 2 - FLAÇÀ (17463)
FOIXÀ;ESCOLES DE FOIXÀ;C/ ESCOLES (DE LES) NUM: 1 - VILA - FOIXÀ (17132)
FONTANALS DE CERDANYA;LOCAL ANEXO A EL VILAR;PLAÇA AJUNTAMENT NUM: 1 - VILAR(EL) - FONTANALS D. CERDANYA (17538)
FONTANILLES;AJUNTAMENT DE FONTANILLES;PLAÇA SANT MARTIN NUM: 1 - FONTANILLES (17257)
FONTCOBERTA;CEIP ALZINA RECLAMADORA;PAISOS CATALANS NUM: 1 - VEINAT DE MELIANTA - FONTCOBERTA (17833)
FORALLAC;CONSULTORI MEDIC DE FONTETA;CARRE EMPORDA NUM: 8 - FONTETA - FORALLAC (17110)
FORALLAC;LOCAL SOCIAL DE VULPELLAC;CARRE UNIO NUM: 3 - VULPELLAC - FORALLAC (17111)
FORALLAC;TEATRET DE PERATALLADA;CARRE ROCA NUM: 10 - PERATALLADA - FORALLAC (17113)
FORNELLS DE LA SELVA;CENTRE SOCIAL;CARRE VICENS VIVES NUM: 1 - FORNELLS DE LA SELVA (17458)
FORTIÀ;CENTRE AGRÍCOLA I SOCIAL;PLAÇA EMPORDÀ NUM: 1 - FORTIÀ (17469)
GARRIGÀS;CENTRE CULTURAL RECINTE ESCOLES;CARRE GRAN NUM: 26 - GARRIGÀS (17476)
GARRIGOLES;LOCAL POLIVALENT “LES BASSOTES”;PLAÇA GERMANDAT NUM: 1 - OLIVES (LES) - GARRIGOLES (17466)
GARRIGUELLA;SALA POLIVALENT;CARRE FRANCESC MACIA NUM: 2 - GARRIGUELLA (17780)
GER;AJUNTAMENT DE GER (BAIXOS);C/ QUATRE CANTONS S/N - GER (17539)
GIRONA;AUDITORI-PALAU DE CONGRESSOS;PG DEVESA NUM: 35 - GIRONA (17001)
GIRONA;CASA DE CULTURA;PLAÇA HOSPITAL NUM: 6 - GIRONA (17002)
GIRONA;CENTRE CÍVIC BARRI VELL MERCADAL;C CORT REIAL NUM: 7 - GIRONA (17004)
GIRONA;CENTRE CIVIC DE PEDRET;C PEDRET NUM: 152 - GIRONA (17007)
GIRONA;CENTRE CIVIC ONYAR;C CAMP DE LA PLANA NUM: 13 - VILA-ROJA - GIRONA (17004)
GIRONA;CENTRE CÍVIC PLA DE PALAU;C SARAGOSSA NUM: 27 - GIRONA (17003)
GIRONA;ESCOLA CARME AUGUET;C PORTLLIGAT NUM: 11 - GIRONA (17007)
GIRONA;ESCOLA DALMAU CARLES;C TAGA NUM: 1 - GIRONA (17006)
GIRONA;ESCOLA EIXIMENIS;C FRANCESC EIXIMENIS NUM: 7 - GIRONA (17001)
GIRONA;ESCOLA JOAN BRUGUERA;G.V. JAUME I NUM: 24 - GIRONA (17001)
GIRONA;ESCOLA PLA DE GIRONA;AV LLUÍS PERICOT NUM: 16 - GIRONA (17003)
GIRONA;ESCOLA TAIALÀ;CTRA TAIALÀ NUM: 75 - GIRONA (17007)
GIRONA;ESCOLA VERD;C TOMÁS DE LORENZANA NUM: 30 - GIRONA (17002)
GIRONA;ESCOLA VERD (PATI);C TOMÁS DE LORENZANA NUM: 30 - GIRONA (17002)
GIRONA;ESCOLA VILA-ROJA;GRUP VILA-ROJA NUM: 180 - VILA-ROJA - GIRONA (17004)
GIRONA;ESCOLES SANT DANIEL;C MONGES NUM: 22 - GIRONA (17007)
GIRONA;L’ESTACIÓ ESPAI JOVE;C SANTA EUGÈNIA NUM: 17 - GIRONA (17005)
GIRONA;LOCAL SOCIAL DE MONTJUÏC;RONDA FORT ROIG NUM: 19 B - GIRONA (17007)
GIRONA;LOCAL SOCIAL DE VISTA ALEGRE;PTGE PICAPEDRERS NUM: 1 - GIRONA (17004)
GIRONA;PAVELLÓ MUNICIPAL DE SANTA EUGÈNIA;PG OLOT NUM: 41 - GIRONA (17006)
GIRONA;PAVELLÓ MUNICIPAL D’ESPORTS DE PALAU;C JOSEP AGUILERA I MARTÍ NUM: 2 - GIRONA (17003)
GIRONA;SERVEI MUNICIPAL D’OCUPACIÓ;C NARCÍS XIFRA I MASMITJÀ NUM: 43 - GIRONA (17005)
GOMBRÈN;AJUNTAMENT DE GOMBREN (DEPENDENCIES MUNICIPALS);AV MOISES TORRENS NUM: 8 - GOMBRÈN (17531)
GUALTA;EDIFICI MUNICIPAL DE SERVEIS;PLAÇA CATALUNYA NUM: 1 - GUALTA (17257)
GUILS DE CERDANYA;ANTIGUES ESCOLES;C/ MALET NUM: 15 - GUILS DE CERDANYA (17528)
HOSTALRIC;CENTRE CULTURAL POLIVALENT SERAFÍ PITARRA;C/ RAVAL NUM: 43 - HOSTALRIC (17450)
HOSTALRIC;COL·LEGI MARE DE DEU DELS SOCORS (VESTÍBUL);AV FORTALESA NUM: 26 - HOSTALRIC (17450)
ISÒVOL;AJUNTAMENT D’ISOVOL (LOCAL POLIVALENT);CARRE MAJOR D’ALL S/N - ALL - ISÒVOL (17539)
JAFRE;CASA DE LA VILA (BAIXOS);PLAÇA MAJOR NUM: 1 - JAFRE (17143)
JONQUERA (LA);EDIFICI CAN LAPORTA;CARRE MAJOR NUM: 2 - JONQUERA (LA) (17700)
JONQUERA (LA);SOCIETAT UNIÓ JONQUERENCA (SALA D’ESPECTACLES);CARRE MAJOR NUM: 101 - JONQUERA (LA) (17700)
JUIÀ;AJUNTAMENT DE JUIÀ (BAIXOS);CARRE BAIX NUM: 10 - JUIÀ (17462)
LLADÓ;SALA DE SANT JOAN;PLAÇA PRIORAT NUM: 4 - LLADÓ (17745)
LLAGOSTERA;I.E.S. DE LLAGOSTERA;AV GIRONES NUM: 51 - LLAGOSTERA (17240)
LLAMBILLES;AJUNTAMENT DE LLAMBILLES;PLAÇA VILA (DE LA) NUM: 1 - LLAMBILLES (17243)
LLANARS;ESCOLES NACIONALS;CARRE QUINTA NUM: 2 - LLANARS (17869)
LLANÇÀ;CASA DE CULTURA;PLAÇA MAJOR NUM: 3 - VILA (LA) - LLANÇÀ (17490)
LLANÇÀ;CASA DEL MAR DE L’INSTITUT SOCIAL MARINA;CARRE CASTELLAR NUM: 27 - CASC URBA - PORT (EL) - LLANÇÀ (17490)
LLANÇÀ;COL·LEGI POMPEU FABRA;PLAÇA ESPLANES S/N - VILA (LA) - LLANÇÀ (17490)
LLERS;AJUNTAMENT DE LLERS;CARRE SANT QUIRZE NUM: 16 - LLERS (17730)
LLÍVIA;AJUNTAMENT DE LLÍVIA;C/ FORNS (DELS) NUM: 10 - LLÍVIA (17527)
LLORET DE MAR;CASA DE LA CULTURA;PLAÇA PERE TORRENT NUM: 1 - LLORET DE MAR (17310)
LLORET DE MAR;ESCOLA ESTEVE CARLES;C OLIVA NUM: 2 - LLORET DE MAR (17310)
LLORET DE MAR;ESCOLA PERE TORRENT;C ESPORTS S/N - LLORET DE MAR (17310)
LLORET DE MAR;ESCOLA POMPEU FABRA;AV CAMI DE L’ANGEL NUM: 6 - LLORET DE MAR (17310)
LLOSSES (LES);CASA AJUNTAMENT;VENAT SANTA MARIA DE LES LLOSSES S/N - LLOSSES (LES) (17512)
MAÇANET DE CABRENYS;AJUNTAMENT DE MAÇANET DE CABRENYS (BAIXOS);CARRE PARET NOVA NUM: 14 - MAÇANET DE CABRENYS (17720)
MAÇANET DE LA SELVA;PAVELLÓ ESPORTIU;PG SANT LLORENÇ NUM: 3 - MAÇANET DE LA SELVA (17412)
MADREMANYA;AJUNTAMENT DE MADREMANYA;PLAÇA MAJOR NUM: 1 - MADREMANYA (17462)
MAIÀ DE MONTCAL;CASA CONSISTORIAL;CARRE NOSTRA SRA. DEL MONT NUM: 12 - MAIÀ DE MONTCAL (17851)
MASARAC;AJUNTAMENT DE MASARAC;PLAÇA MAJOR NUM: 1 - MASARAC (17763)
MASSANES;LOCAL SOCIAL;C/ MONTSENY NUM: 1 - MASSANES (CASC URBA) - MASSANES (17452)
MERANGES;AJUNTAMENT DE MERANGES (BAIXOS);CARRE CAMI DE GIRUL S/N - MERANGES (17539)
MIERES;ESCOLES MUNICIPALS;C/ CAN CALÓ (DE) NUM: 60 - MIERES (17830)
MOLLET DE PERALADA;AJUNTAMENT DE MOLLET DE PERALADA (VESTÍBUL);CARRE PLAÇA NUM: 12 - MOLLET DE PERALADA (17752)
MOLLÓ;AJUNTAMENT DE MOLLÓ - SALA DE PLENS (PLANTA 1ª);C/ SANT SEBASTIÀ (DE) NUM: 2 - MOLLÓ (17868)
MONTAGUT I OIX;ESCOLA PUBLICA;AV ESCOLES (DE LES) S/N - MONTAGUT - MONTAGUT I OIX (17855)
MONT-RAS;ESCOLA PÚBLICA TORRES JONAMA;CARRE TORRES JONAMA NUM: 9 - MONT-RAS (17253)
MUNICIPI;LOCALS EN QUE SE CELEBRA LA VOTACIÓ;DIRECCIÓ
NAVATA;DISPENSARI MUNICIPAL;C/ ESCOLES NUM: 12 - NAVATA (17744)
OGASSA;ESCOLA PUBLICA “L’ESQUIROL”;AV MINES NUM: 13 - OGASSA (17861)
OLOT;CASAL A.V. SANT MIQUEL;CIRCU REI JAUME I CONQUERIDOR, DEL NUM: 31 - OLOT (17800)
OLOT;CASAL LES FONTS;C VOLCÀ MONTCAL, DEL NUM: 13 - ST CRISTOFOL LES FONTS - OLOT (17800)
OLOT;CASAL MARIA;PG BISBE GUILLAMET, DEL NUM: 7 - OLOT (17800)
OLOT;COL.LEGI COR DE MARIA;C ESGLEIERS NUM: 1 - OLOT (17800)
OLOT;EDIFICI ESTACIÓ;AV ESTACIÓ, DE L’ NUM: 13 - OLOT (17800)
OLOT;ESCOLA BELLES ARTS;C PARE ANTONI SOLER, DEL NUM: 3 - OLOT (17800)
OLOT;ESCOLA BISAROQUES;C PARE NOLASC DEL MOLAR, DEL NUM: 6 - ST CRISTOFOL LES FONTS - OLOT (17800)
OLOT;ESCOLA “EL MORROT”;AV MORROT, DEL NUM: 25 - OLOT (17800)
OLOT;ESCOLA MUNICIPAL DE MUSICA;AV ANSELM CLAVÉ, D’ NUM: 7 - OLOT (17800)
OLOT;ESCOLA PLA DE DALT;C ALFORJA, DE L’ NUM: 2 - OLOT (17800)
OLOT;ESCOLA SANT PERE MARTIR;C GERANIS, DELS NUM: 50 - OLOT (17800)
OLOT;ESCOLA SANT ROC;C CÒRDOVA, DE NUM: 1 - OLOT (17800)
OLOT;I.E.S. GARROTXA;CTRA RIUDAURA, DE NUM: 110 - OLOT (17800)
OLOT;I.M.P.C.;C BISBE LORENZANA, DEL NUM: 15 - OLOT (17800)
OLOT;LOCAL A.V. BONAVISTA;C VIOLA, DE LA NUM: 24 - SANT CRISTOFOL LES FONTS - OLOT (17800)
OLOT;LOCAL A.V. SANT ROC;PLAÇA VISTA ALEGRE, DE NUM: 9 - OLOT (17800)
OLOT;MAS LES MATES;C MESTRE FALLA, DEL NUM: 47 - OLOT (17800)
OLOT;PAVELLÓ D’ESPORTS;AV REPÚBLICA ARGENTINA, DE LA NUM: 12 - SANT CRISTOFOL LES FONTS - OLOT (17800)
OLOT;PAVELLÓ D’ESPORTS;AV REPÚBLICA ARGENTINA, DE LA NUM: 12 - ST CRISTOFOL LES FONTS - OLOT (17800)
OLOT;TEATRE PRINCIPAL;PG BLAY, DE NUM: 5 - OLOT (17800)
OLOT;TORRE MALAGRIDA;PG BARCELONA, DE NUM: 15 - OLOT (17800)
ORDIS;AJUNTAMENT D’ORDIS (BAIXOS);PLAÇA ESGLESIA S/N - ORDIS (17772)
OSOR;ESCOLA PUBLICA;CARRE FRANÇA S/N - OSOR (17161)
PALAFRUGELL;COL·LEGI PI VERD (PLANTA BAIXA);C VICENÇ ROURE I ARMADA NUM: 18 - PALAFRUGELL (17200)
PALAFRUGELL;COL.LEGI PRATS DE LA CARRERA;C ANSELM CLAVE NUM: 31 - PALAFRUGELL (17200)
PALAFRUGELL;GRUP ESCOLAR BARCELO MATAS;C PALS NUM: 75 - PALAFRUGELL (17200)
PALAFRUGELL;GRUP ESCOLAR TORRES JONAMA;C ESCOLES NUM: 10 - PALAFRUGELL (17200)
PALAFRUGELL;INSTITUT NACIONAL DE BATXILLERAT C3;C FREDERIC MARTI CARRERAS NUM: 13 - PALAFRUGELL (17200)
PALAFRUGELL;LLAR D’INFANTS “ELS BELLUGUETS”;AVDA GENERALITAT NUM: 9 - PALAFRUGELL (17200)
PALAFRUGELL;LOCAL ASS. AMICS I VEÏNS DE LLOFRIU;C IRENE ROCAS NUM: 1 - POBLE - LLOFRIU - PALAFRUGELL (17124)
PALAFRUGELL;LOCAL DE L’ASSOCIACIO DE VEINS;C GELPI NUM: 3 - CALELLA - PALAFRUGELL (17210)
PALAFRUGELL;MUSEU DEL SURO DE PALAFRUGELL;PLAÇA PLACETA DEL MUSEU S/N - PALAFRUGELL (17200)
PALAFRUGELL;TEATRE MUNICIPAL DE PALAFRUGELL (VESTÍBUL);C SANTA MARGARIDA NUM: 1 - PALAFRUGELL (17200)
PALAMÓS;AULA D’APRENENTATGE;CARRE RIERA NUM: 31 - SANT JOAN DE PALAMÓS - PALAMÓS (17230)
PALAMÓS;EDIFICI DEL CLUB NAUTIC COSTA BRAVA;CARRE CLUB NAUTIC S/N - PALAMÓS (17230)
PALAMÓS;ESCOLA LA VILA;CARRE FOMENT NUM: 20 - PALAMÓS (17230)
PALAMÓS;SALA POLIVALENT ES PLA;CARRE GASPAR MATAS NUM: 50 - SANT JOAN DE PALAMÓS - PALAMÓS (17230)
PALAMÓS;SALA POLIVALENT “NAU DELS 50 METRES”;CARRE LONDRES NUM: 24 - PALAMÓS (17230)
PALAMÓS;SALA POLIVALENT;PL. MOSSEN GUMERSIND S/N - SANT JOAN DE PALAMÓS - PALAMÓS (17230)
PALAU DE SANTA EULÀLIA;AJUNTAMENT DE PALAU DE SANTA EULÀLIA (SALA D’ACTES) C/ GA;GARRIGÀS NUM: 4 - SANTA EULÀLIA - PALAU DE SANTA EULÀLIA (17476)
PALAU-SATOR;AJUNTAMENT DE PALAU-SATOR (NOU EDIFICI);PLAÇA AJUNTAMENT S/N - PALAU-SATOR (17256)
PALAU-SAVERDERA;HOTEL D’ENTITATS (PLANTA BAIXA);CARRE NOU NUM: 49 - PALAU-SAVERDERA (17495)
PALOL DE REVARDIT;LOCAL SOCIAL DE L’AJUNTAMENT (BAIXOS);VENAT PALOL DE REVARDIT NUM: 3 - PALOL DE REVARDIT (17843)
PALS;CENTRE CÍVIC;CARRE ENRIC FORT NUM: 26 - PALS (17256)
PARDINES;AJUNTAMENT DE PARDINES (BAIXOS);PLAÇA PADRO NUM: 7 - PARDINES (17534)
PARLAVÀ;LOCAL SOCIAL;CARRE SALVETAT NUM: 3 - PARLAVÀ (17133)
PAU;ESCOLES DE PAU;CARRE MIGJORN NUM: 2 - PAU (17494)
PEDRET I MARZÀ;CENTRE CIVIC;CARRE MAR NUM: 13 - MARZA - PEDRET I MARZÀ (17493)
PERALADA;CAN SALA (SALA D’ACTES);PLAÇA MAJOR NUM: 2 - VILANOVA DE LA MUGA - PERALADA (17492)
PERALADA;CENTRE SOCIOSANITARI;CARRE CAMI DE LA GARRIGA NUM: 1 - PERALADA (17491)
PERA (LA);ESCOLA PÚBLICA “PEDRA BLANCA”;AV SANT FRANCESC D’ASIS NUM: 15 - PERA (LA) (17120)
PLANES D’HOSTOLES (LES);ESCOLA PUBLICA SANT CRISTOFOL;AV NARCÍS ARNAU NUM: 58 - PLANES D’HOSTOLES (LES) (17172)
PLANOLES;AJUNTAMENT DE PLANOLES (BAIXOS);PLAÇA AJUNTAMENT NUM: 1 - PLANOLES (17535)
PONT DE MOLINS;DISPENSARI MUNICIPAL;PLAÇA DR. JORDI CUFFÍ CASELLAS NUM: 1 - PONT DE MOLINS (17706)
PONTÓS;COL.LEGI PUBLIC;CARRE CREU NUM: 18 - PONTÓS (17773)
PORQUERES;CENTRE CIVIC LES PEDRERES;CARRE MERCE RODOREDA NUM: 5 - LES PEDRERES - PORQUERES (17846)
PORQUERES;ESCOLA EL FRIGOLET;PRAGE PORQUERES NUM: 30 - PORQUERES (17834)
PORQUERES;ESCOLA L’ENTORN;CARRE MONTSENY NUM: 15 - MATA - PORQUERES (17846)
PORTBOU;SALA WALTER BENJAMIN;AV BARCELONA NUM: 7 - PORTBOU (17497)
PORT DE LA SELVA (EL);CENTRE CÍVIC MOLL D’EN BALLEU (SALA DEL BALL);C/ MOLL D’EN BALLEU NUM: 2 - PORT DE LA SELVA (EL) (17489)
PRESES (LES);EDIFICI ESCOLES;C/ SANT SEBASTIÀ NUM: 41 - PRESES (LES) (17178)
PRESES (LES);LOCAL SOCIAL BOSC DE TOSCA;AV ZONA ESPORTIVA (DE LA) NUM: 13 - BOSC DE TOSCA - PRESES (LES) (17178)
PUIGCERDÀ;ESCOLES NOVES DE L’ESTANY (BAIXOS);AV SCHIERBECK NUM: 1 - PUIGCERDÀ (17520)
QUART;LOCAL SOCIAL DE PALOL D’ONYAR;C/ DOLMEN (DEL) NUM: 17 - PALOL D’ONYAR - QUART (17241)
QUART;LOCAL SOCIAL DE QUART;C/ TREN NUM: 49 - QUART (17242)
QUERALBS;ESCOLA;PLAÇA VILA NUM: 3 - QUERALBS (17534)
RABÓS;TELE CLUB;CARRE PLAÇA NUM: 2 - RABÓS (17754)
REGENCÓS;CASA DE LA VILA (LOCAL SOCIAL);CARRE TORRES JONAMA NUM: 2 - REGENCÓS (17214)
RIBES DE FRESER;ESCOLA PUBLICA VERGE DE NURIA;PG ÀNGEL GUIMERÀ NUM: 1 - RIBES DE FRESER (17534)
RIELLS I VIABREA;AJUNTAMENT DE RIELLS I VIABREA (BAIXOS);AV SALVÀ NUM: 1 - CAN SALVA - RIELLS I VIABREA (17404)
RIELLS I VIABREA;L’ESCOLETA DE RIELLS;AV MORENETA S/N - BOSC DE LA BATLLORIA - RIELLS I VIABREA (17404)
RIPOLL;BIBLIOTECA “LAMBERT MATA”;C/ VINYES NUM: 1 - RIPOLL (17500)
RIPOLL;ESCOLA PUBLICA JOAN MARAGALL;CTRA BARCELONA NUM: 8 - RIPOLL (17500)
RIPOLL;ESCOLA VEDRUNA;C/ BERENGUER EL VELL NUM: 10 - RIPOLL (17500)
RIPOLL;RESIDÈNCIA D’AVIS “PLA DE SANT PERE”;AV COMTE GUIFRE NUM: 27 - RIPOLL (17500)
RIPOLL;SALA EUDALD GRAELLS;PG SANT JOAN NUM: 1 - RIPOLL (17500)
RIUDARENES;CENTRE CÍVIC CAN FORNACA;AV ARGIMON NUM: 2 - CAN FORNACA - RIUDARENES (17421)
RIUDARENES;CENTRE CULTURAL POLIVALENT;C/ SANT MARTI NUM: 43 - RIUDARENES (17421)
RIUDAURA;ESCOLA LLUIS CASTELLS DE RIUDAURA;CARRE ESCOLA NUM: 1 - RIUDAURA (17179)
RIUDELLOTS DE LA SELVA;NOU EDIFICI DE L’AJUNTAMENT (BAIXOS);PLAÇA AJUNTAMENT (DE L’) NUM: 1 - RIUDELLOTS DE LA SELVA (17457)
RIUMORS;LOCAL DE JOVES;C/ PLAÇA VELLA NUM: 6 - RIUMORS (17469)
ROSES;CASA CAMBÓ;PLAÇA CATALUNYA (DE) NUM: 13 - ROSES (17480)
ROSES;CASAL DEL PESCADOR (SALA PRIMER PIS);C RIERA GINJOLERS (DE LA) NUM: 22 - ROSES (17480)
ROSES;CEIP ELS GRECS;C BERNAT DESCLOT (DE) NUM: 12 - SUREDES D’EN MAIRO-GRECS-MUNTANYETA - ROSES (17480)
ROSES;CEIP NARCIS MONTURIOL;AV RHODE (DE) NUM: 239 - ROSES (17480)
ROSES;I.E.S. CAP NORFEU;C PONENT (DE) NUM: 40 - ROSES (17480)
ROSES;TEATRE MUNICIPAL DE ROSES;C TARRAGONA (DE) NUM: 71 - ROSES (17480)
RUPIÀ;CONSULTORI LOCAL;PLAÇA AVALL NUM: 2 - RUPIÀ (17131)
SALES DE LLIERCA;AJUNTAMENT DE SALES DE LLIERCA;PLAÇA ESGLESIA (DE L’) S/N - SALES DE LLIERCA (17853)
SALT;AJUNTAMENT DE SALT-RECAPTACIO;C/ MAJOR NUM: 163 - SALT (17190)
SALT;AJUNTAMENT DE SALT-SALÓ DE PLENS;C/ MANUEL DE FALLA S/N - SALT (17190)
SALT;CENTRE SOCIAL MAS MOTA;PLAÇA CATALUNYA NUM: 8 - SALT (17190)
SALT;ESCOLA DEL PLA;PG MARQUES DE CAMPS NUM: 50 - SALT (17190)
SALT;ESCOLA DE VEINAT-GERTRUDIS MORET;C/ ENRIC GRANADOS NUM: 8 - SALT (17190)
SALT;ESCOLA LA FARGA;C/ SANT DIONIS NUM: 40 - SALT (17190)
SALT;ESCOLA SILVESTRE SANTALO;PG JOSEP MARIA FOLCH I TORRES NUM: 10 - SALT (17190)
SALT;MAS LLORENS;C/ LLUIS MORENO NUM: 8 - SALT (17190)
SANTA COLOMA DE FARNERS;COL.LEGI PUBLIC SANT SALVADOR D’HORTA;PG SANT SALVADOR NUM: 12 - SANTA COLOMA DE FARNERS (17430)
SANTA CRISTINA D’ARO;CEIP PEDRALTA;AV ESGLÉSIA (DE L’) NUM: 4 - SANTA CRISTINA D’ARO (17246)
SANTA LLOGAIA D’ÀLGUEMA;Z CENTRE CÍVIC DE SANTA LLOGAIA D’ÀLGUEMA;CARRE ESCOLES NUM: 9 - SANTA LLOGAIA D’ÀLGUEMA (17771)
SANT ANDREU SALOU;AJUNTAMENT DE SANT ANDREU SALOU;VENAT SANT ANDREU S/N - SANT ANDREU SALOU (17454)
SANT ANIOL DE FINESTRES;LOCAL SOCIAL;CARRE ESCOLES NUM: 2 - SANT ESTEVE DE LLEMENA - SANT ANIOL DE FINESTRES (17154)
SANTA PAU;CEIP JOAN MARAGALL;CARRE ESCOLA NUM: 26 - SANTA PAU (17811)
SANTA PAU;CENTRE SOCIAL “CAN BLANC”;CARRE ESGLESIA NUM: 22 - URBANITZACIO CAN BLANC - SANTA PAU (17811)
SANT CLIMENT SESCEBES;ESCOLA SANT SEBASTIÀ;CARRE ICARIA NUM: 17 - SANT CLIMENT SESCEBES (17751)
SANT FELIU DE BUIXALLEU;SALA POLIVALENT DE SANT FELIU DE BUIXALLEU;VENAT GASERANS (DISSEMINAT) NUM: 181 - GASERANS - SANT FELIU DE BUIXALLEU (17451)
SANT FELIU DE GUÍXOLS;AJUNTAMENT DE SANT FELIU DE GUIXOLS;PLAÇA MERCAT NUM: 6 - SANT FELIU DE GUÍXOLS (17220)
SANT FELIU DE GUÍXOLS;CEIP BALDIRI REIXACH;C CORUNYA S/N - SANT FELIU DE GUÍXOLS (17220)
SANT FELIU DE GUÍXOLS;CEIP GAZIEL;C MALL NUM: 96 - SANT FELIU DE GUÍXOLS (17220)
SANT FELIU DE GUÍXOLS;CEIP L’ESTACIO;C SANTA TERESA NUM: 49 - SANT FELIU DE GUÍXOLS (17220)
SANT FELIU DE GUÍXOLS;CENTRE CIVIC TUEDA;C GRAVINA NUM: 39 - SANT FELIU DE GUÍXOLS (17220)
SANT FELIU DE GUÍXOLS;CENTRE CÍVIC VILARTAGUES;PLAÇA SALVADOR ESPRIU S/N - SANT FELIU DE GUÍXOLS (17220)
SANT FELIU DE GUÍXOLS;CENTRE OCUPACIONAL TRAMUNTANA;C NOU DELS GARROFERS NUM: 84 - SANT FELIU DE GUÍXOLS (17220)
SANT FELIU DE GUÍXOLS;ESCOLA BRESSOL L’ORENETA;C CORDOVA NUM: 43 - SANT FELIU DE GUÍXOLS (17220)
SANT FELIU DE PALLEROLS;COL·LEGI PUBLIC ROCALBA (AULA A I B);CARRE VALLS (DELS) NUM: 4 - SANT FELIU DE PALLEROLS (17174)
SANT FERRIOL;CASA CONSISTORIAL;VENAT JUINYA S/N - JUINYA - SANT FERRIOL (17850)
SANT GREGORI;ANTIGUES ESCOLES DE CARTELLÀ;PRAGE CARTELLA S/N - CARTELLA - SANT GREGORI (17199)
SANT GREGORI;ESCOLA PUBLICA AGUSTI GIFRE;PLAÇA POBLE NUM: 3 - SANT GREGORI (17150)
SANT HILARI SACALM;COL.LEGI PUBLIC GUILLERIES;CARRE SANT JOSEP NUM: 12 - SANT HILARI SACALM (17403)
SANT JAUME DE LLIERCA;AJUNTAMENT DE SANT JAUME DE LLIERCA;CARRE ANGELA BRUTAU NUM: 1 - SANT JAUME DE LLIERCA (17854)
SANT JOAN DE LES ABADESSES;EDIFICI ABADESSA EMMA;PLCET ARQUITECTE DURAN Y REYNALS N.: 7 - SANT JOAN DE LES ABADESSES (17860)
SANT JOAN DE LES ABADESSES;ESCOLA PUBLICA MESTRE ANDREU;C MESTRE JOSEP MARIA ANDREU NUM: 4 - SANT JOAN DE LES ABADESSES (17860)
SANT JOAN DE LES ABADESSES;LOCAL PARROQUIAL;C BOVER NUM: 4 - SANT JOAN DE LES ABADESSES (17860)
SANT JOAN DE MOLLET;AJUNTAMENT DE SANT JOAN DE MOLLET;AV CATALUNYA NUM: 20 - SANT JOAN DE MOLLET (17463)
SANT JOAN LES FONTS;CENTRE SOCIO-CULTURAL;CTRA BEGUDA S/N - BEGUDA - SANT JOAN LES FONTS (17857)
SANT JOAN LES FONTS;ESCOLA MUNICIPAL DE BELLES ARTS;C/ SANT ANTONI NUM: 12 - SANT JOAN LES FONTS (17857)
SANT JOAN LES FONTS;LLAR D’AVIS;AV ESCOLES NUM: 1 - CANYA (LA) - SANT JOAN LES FONTS (17857)
SANT JORDI DESVALLS;AJUNTAMENT DE SANT JORDI DESVALLS;C/ DOCTOR MESEGUER NUM: 1 - SANT JORDI DESVALLS (17464)
SANT JULIÀ DEL LLOR I BONMATÍ;CEIP SANT JORDI;PLAÇA MASSANA NUM: 1 - BONMATI - SANT JULIÀ DEL LLOR I BONMATÍ (17164)
SANT JULIÀ DE RAMIS;LOCAL SOCIAL DE MEDINYÀ;C/ MIGDIA NUM: 20 - MEDINYA - SANT JULIÀ DE RAMIS (17482)
SANT JULIÀ DE RAMIS;PAVELLÓ D’ESPORTS - SALA 3;C/ TERRERA NUM: 1 - PLA DE BAIX (EL) - SANT JULIÀ DE RAMIS (17481)
SANT LLORENÇ DE LA MUGA;AJUNTAMENT DE SANT LLORENÇ DE LA MUGA (SALA D’EXPOSICIONS);CARRE ESGLESIA NUM: 3 - SANT LLORENÇ DE LA MUGA (17732)
SANT MARTÍ DE LLÉMENA;LOCAL SOCIAL “ELS ESTUDIS”;CTRA GIRONA S/N - SANT MARTÍ DE LLÉMENA (17153)
SANT MARTÍ VELL;AJUNTAMENT DE SANT MARTI VELL (LOCAL ANNEX);CARRE DALT NUM: 1 - SANT MARTÍ VELL (17462)
SANT MIQUEL DE CAMPMAJOR;AJUNTAMENT DE SANT MIQUEL DE CAMPMAJOR (SALA DE PLENS);PRAGE MASOS SANT MIQUEL DE CAMPMAJOR S/N - SANT MIQUEL DE CAMPMAJOR (17831)
SANT MIQUEL DE FLUVIÀ;CENTRE CIVIC “EL CLUB”;CARRE ESTACIO NUM: 12 - SANT MIQUEL DE FLUVIÀ (17475)
SANT MORI;AJUNTAMENT DE SANT MORI;CARRE SERRES (DE LES) NUM: 2 - SANT MORI (17467)
SANT PAU DE SEGÚRIES;ESCOLA PUBLICA ELS PINETS;CARRE TER NUM: 2 - SANT PAU DE SEGÚRIES (17864)
SANT PERE PESCADOR;CASAL DE SANT PERE PESCADOR (1ª PLANTA);CARRE FORN NUM: 2 - SANT PERE PESCADOR (17470)
SARRIÀ DE TER;CENTRE CIVIC SARRIA DE DALT (ED. COOPERATIVA);CARRE XUNCLA NUM: 1 - SARRIÀ DE TER (17840)
SARRIÀ DE TER;EDIFICI “EL CORO”;PLCET FONT NUM: 9 - SARRIÀ DE TER (17840)
SARRIÀ DE TER;LOCAL SOCIAL DE LA RASA;CARRE FLOR DE NEU S/N - SARRIÀ DE TER (17840)
SAUS, CAMALLERA I LLAMPAIES;CASA DE LA VILA;PL VILA (DE LA) S/N - CAMALLERA - SAUS, CAMALLERA I LLAMPAIES (17465)
SELVA DE MAR (LA);CENTRE CULTURAL I D’ESBARJO;CTRA PORT DE LA SELVA S/N - SELVA DE MAR (LA) (17489)
SERINYÀ;CEIP “BORA GRAN DE SERINYÀ”;PLAÇA AJUNTAMENT NUM: 7 - SERINYÀ (17852)
SERRA DE DARÓ;AJUNTAMENT DE SERRA DE DARO;CARRE DARO NUM: 1 - SERRA DE DARÓ (17133)
SETCASES;AJUNTAMENT DE SETCASES;PLAÇA MAJOR NUM: 1 - SETCASES (17869)
SILS;CENTRE CULTURAL I RECREATIU “LA LAGUNA”;CARRE ESGLESIA NUM: 15 - SILS (17410)
SIURANA;AJUNTAMENT DE SIURANA (BAIXOS);PLAÇA AJUNTAMENT NUM: 3 - SIURANA (17469)
SUSQUEDA;LOCAL SOCIAL DE SUSQUEDA (ANNEX AJUNTAMENT);PLAÇA AJUNTAMENT NUM: 1 - SANT MARTI SACALM - SUSQUEDA (17171)
TALLADA D’EMPORDÀ (LA);Z AJUNTAMENT DE LA TALLADA D’EMPORDÀ;C/ TORRES NUM: 1 - TALLADA D’EMPORDÀ (LA) (17134)
TERRADES;AJUNTAMENT DE TERRADES;CARRE MAJOR NUM: 7 - TERRADES (17731)
TORRENT;CASA DE LA VILA (SALA DE PLENS);PLAÇA MAJOR NUM: 1 - TORRENT (17123)
TORROELLA DE FLUVIÀ;SALA D’EXPOSICIONS;PLAÇA AJUNTAMENT NUM: 2 - TORROELLA DE FLUVIÀ (17474)
TORROELLA DE MONTGRÍ;CONVENT DELS AGUSTINS;CARRE ONZE DE SETEMBRE NUM: 2 - TORROELLA DE MONTGRÍ (17257)
TORROELLA DE MONTGRÍ;ENTITAT MUNICIPAL DESCENTRALITZADA DE L’ESTARTIT;CARRE PORT NUM: 25 - ESTARTIT (L’) - TORROELLA DE MONTGRÍ (17258)
TORTELLÀ;CASAL DE LA GENT GRAN;PLAÇA MERCAT NUM: 22 - TORTELLÀ (17853)
TOSES;AJUNTAMENT DE TOSES;CARRE SOLEI NUM: 2 - TOSES (17536)
TOSSA DE MAR;EDIFICI LA NAU;AV PELEGRI NUM: 25 - TOSSA - TOSSA DE MAR (17320)
ULLÀ;CENTRE CÍVIC D’ULLÀ;CARRE RESCLOSA (LA) NUM: 12 - ULLÀ (17140)
ULLASTRET;AJUNTAMENT D’ULLASTRET;CARRE RECTORIA NUM: 5 - ULLASTRET (17114)
ULTRAMORT;CASA CONSISTORIAL (BAIXOS);PLAÇA CONSTITUCIO NUM: 1 - ULTRAMORT (17133)
URÚS;LOCAL SOCIAL;C/ SANT CLIMENT NUM: 3 - URÚS (17538)
VAJOL (LA);AJUNTAMENT DE LA VAJOL (BAIXOS);CARRE PONENT S/N - VAJOL (LA) (17707)
VALL DE BIANYA (LA);ANTIGA ESCOLA DE L’HOSTALNOU;CTRA CAMPRODON (DE) NUM: 2 - HOSTALNOU DE BIANYA (L’) - VALL DE BIANYA (LA) (17813)
VALL DE BIANYA (LA);LLAR D’INFANTS MUNICIPAL;C/ LLUIS DE BOLOS NUM: 12 - CANYA (LA) - VALL DE BIANYA (LA) (17858)
VALL D’EN BAS (LA);ANTIGUES ESCOLES DE NENS;LLOC JOANETES NUM: 61 - JOANETES - VALL D’EN BAS (LA) (17176)
VALL D’EN BAS (LA);ANTIGUES ESCOLES;PG GENERAL ESTARTÚS NUM: 57 - SANT PRIVAT D’EN BAS - VALL D’EN BAS (LA) (17178)
VALL D’EN BAS (LA);ESCOLA DE PARVULS DE SANT ESTEVE D’EN BAS;AV FERNANDO LAPARTE NUM: 4 - BAS - VALL D’EN BAS (LA) (17176)
VALL D’EN BAS (LA);LOCAL SOCIAL DELS HOSTALETS D’EN BAS;PLAÇA MAJOR HOSTALETS NUM: 6 - HOSTALETS D’EN BAS - BAS - VALL D’EN BAS (LA) (17177)
VALLFOGONA DE RIPOLLÈS;CASAL CULTURAL (SALA POLIVALENT);CARRE PUIG-ESTELA NUM: 11 - VALLFOGONA DE RIPOLLÈS (17862)
VALL-LLOBREGA;SALA POLIVALENT;CARRE RAVAL DE BAIX NUM: 23 - ZONA RURAL RAVAL DE BAIX - EIXAMPLE - VALL-LLOBREGA (17253)
VENTALLÓ;ESCOLES MUNICIPALS;CARRE ESCOLES NUM: 1 - VENTALLÓ (17473)
VERGES;CASA DE CULTURA;CARRE PLACETA (LA) NUM: 2 - VERGES (17142)
VIDRÀ;BIBLIOTECA MUNICIPAL;PLAÇA AJUNTAMENT S/N - VIDRÀ (17515)
VIDRERES;COL.LEGI PUBLIC SANT ISCLE;CARRE ORIENT NUM: 115 - VIDRERES (17411)
VILABERTRAN;ESCOLA TORRE D’EN REIG;C/ RAMON REIG NUM: 3 - VILABERTRAN (17760)
VILABLAREIX;CENTRE CULTURAL CAN GRUART;CARRE FARIGOLA NUM: 50 - PERELLÓ (EL) - VILABLAREIX (17180)
VILADAMAT;CENTRE CIVIC;PLAÇA VILA (DE LA) NUM: 1 - VILADAMAT (17137)
VILADASENS;CENTRE CÍVIC DE VILADASENS;CARRE MIGDIA NUM: 10 - VILADASENS (17464)
VILADEMULS;COL.LEGI SANT ESTEVE DE GUIALBES;VENAT SANT ESTEVE DE GUIALBES NUM: 4 - SANT ESTEVE DE GUIALBES - VILADEMULS (17468)
VILADEMULS;LOCAL SOCIAL “EL PALLER DE VILADEMULS”;VENAT VILADEMULS NUM: 30 - VILADEMULS (17468)
VILADRAU;AJUNTAMENT DE VILADRAU-ANTICS COL.LEGIS PUBLICS;C/ BALCELLS I MORATO NUM: 3 - VILADRAU (17406)
VILAFANT;CEIP LES MÈLIES;C/ COMES (LES) NUM: 5 - ARENGADES-ENGINYERS - VILAFANT (17740)
VILAFANT;CEIP “SOL I VENT”;C/ ESCOLES NUM: 14 - VILAFANT (17740)
VILAFANT;CENTRE SOCIAL “LES FORQUES”;C/ REC SUSANNA NUM: 10 - FORQUES (LES) - VILAFANT (17740)
VILAJUÏGA;AJUNTAMENT DE VILAJUÏGA (ANNEX);C/ SANT SEBASTIÀ NUM: 39 - VILAJUÏGA (17493)
VILALLONGA DE TER;ESCOLES NACIONALS;PLAÇA ESCOLES (DE LES) NUM: 1 - VILALLONGA DE TER (17869)
VILAMACOLUM;AJUNTAMENT DE VILAMACOLUM;PLAÇA CATALUNYA NUM: 1 - VILAMACOLUM (17474)
VILAMALLA;CASA CONSISTORIAL (SALA D’ACTES);PLAÇA FONT S/N - VILAMALLA (17469)
VILAMANISCLE;SALA POLIVALENT;CARRE PLAÇA S/N - VILAMANISCLE (17781)
VILANANT;LOCAL SOCIAL DE VILANANT (SALA ANNEXA);CARRE ESCOLES NUM: 3 - VILANANT (17743)
VILA-SACRA;AJUNTAMENT DE VILA-SACRA;PLAÇA ABADIA (DE LA) NUM: 1 - VILA-SACRA (17485)
VILAÜR;CENTRE CIVIC;CARRE TRAMUNTANA NUM: 5 - VILAÜR (17483)
VILOBÍ D’ONYAR;L CAN ROSCADA (BAIXOS);TRSSI CASA DE LA VILA NUM: 1 - VILOBÍ D’ONYAR (17185)
VILOBÍ D’ONYAR;Z CAN ROSCADA (BAIXOS);TRSSI CASA DE LA VILA NUM: 1 - VILOBÍ D’ONYAR (17185)
VILOPRIU;EL CASAL;CARRE PAÏSOS CATALANS (DELS) NUM: 4 - VILOPRIU (17466)
